Edad;Renuncia;Viaje_negocio;Distacia_desde_casa;Satisfacción_ambiente;Género;Nivel_trabajo;Estatus_marital;Salario_mensual;No_Compañías_anteriores;Sobretiempo;Satisfacción_relaciones;Años_trabajo;Antigüedad;Años_cargo_actual;Última_promoción;Años_manager_actual
41;SI;Ocasional;1;2;Femenino;2;Soltero;5993;8;SI;1;8;6;4;0;5
49;NO;Frecuentemente;8;3;Masculino;2;Casado;5130;1;NO;4;10;10;7;1;7
37;SI;Ocasional;2;4;Masculino;1;Soltero;2090;6;SI;2;7;0;0;0;0
33;NO;Frecuentemente;3;4;Femenino;1;Casado;2909;1;SI;3;8;8;7;3;0
27;NO;Ocasional;2;1;Masculino;1;Casado;3468;9;NO;4;6;2;2;2;2
32;NO;Frecuentemente;2;4;Masculino;1;Soltero;3068;0;NO;3;8;7;7;3;6
59;NO;Ocasional;3;3;Femenino;1;Casado;2670;4;SI;1;12;1;0;0;0
30;NO;Ocasional;24;4;Masculino;1;Divorciado;2693;1;NO;2;1;1;0;0;0
38;NO;Frecuentemente;23;4;Masculino;3;Soltero;9526;0;NO;2;10;9;7;1;8
36;NO;Ocasional;27;3;Masculino;2;Casado;5237;6;NO;2;17;7;7;7;7
35;NO;Ocasional;16;1;Masculino;1;Casado;2426;0;NO;3;6;5;4;0;3
29;NO;Ocasional;15;4;Femenino;2;Soltero;4193;0;SI;4;10;9;5;0;8
31;NO;Ocasional;26;1;Masculino;1;Divorciado;2911;1;NO;4;5;5;2;4;3
34;NO;Ocasional;19;2;Masculino;1;Divorciado;2661;0;NO;3;3;2;2;1;2
28;SI;Ocasional;24;3;Masculino;1;Soltero;2028;5;SI;2;6;4;2;0;3
29;NO;Ocasional;21;2;Femenino;3;Divorciado;9980;1;NO;3;10;10;9;8;8
32;NO;Ocasional;5;1;Masculino;1;Divorciado;3298;0;SI;4;7;6;2;0;5
22;NO;No-viaja;16;4;Masculino;1;Divorciado;2935;1;SI;2;1;1;0;0;0
53;NO;Ocasional;2;1;Femenino;4;Casado;15427;2;NO;3;31;25;8;3;7
38;NO;Ocasional;2;4;Masculino;1;Soltero;3944;5;SI;3;6;3;2;1;2
24;NO;No-viaja;11;1;Femenino;2;Divorciado;4011;0;NO;4;5;4;2;1;3
36;SI;Ocasional;9;3;Masculino;1;Soltero;3407;7;NO;2;10;5;3;0;3
34;NO;Ocasional;7;1;Femenino;3;Soltero;11994;0;NO;3;13;12;6;2;11
21;NO;Ocasional;15;3;Masculino;1;Soltero;1232;1;NO;4;0;0;0;0;0
34;SI;Ocasional;6;2;Masculino;1;Soltero;2960;2;NO;3;8;4;2;1;3
53;NO;Ocasional;5;3;Femenino;5;Divorciado;19094;4;NO;4;26;14;13;4;8
32;SI;Frecuentemente;16;2;Femenino;1;Soltero;3919;1;SI;2;10;10;2;6;7
42;NO;Ocasional;8;3;Masculino;2;Casado;6825;0;NO;4;10;9;7;4;2
44;NO;Ocasional;7;1;Femenino;3;Casado;10248;3;NO;4;24;22;6;5;17
46;NO;Ocasional;2;2;Femenino;5;Soltero;18947;3;NO;4;22;2;2;2;1
33;NO;Ocasional;2;3;Masculino;1;Soltero;2496;4;NO;4;7;1;1;0;0
44;NO;Ocasional;10;4;Masculino;2;Casado;6465;2;SI;4;9;4;2;1;3
30;NO;Ocasional;9;4;Masculino;1;Soltero;2206;1;NO;1;10;10;0;1;8
39;SI;Ocasional;5;4;Masculino;2;Casado;2086;3;NO;3;19;1;0;0;0
24;SI;Ocasional;1;2;Masculino;1;Casado;2293;2;SI;1;6;2;0;2;0
43;NO;Ocasional;2;4;Femenino;1;Divorciado;2645;1;NO;4;6;5;3;1;4
50;SI;Ocasional;3;1;Masculino;1;Casado;2683;1;SI;3;3;3;2;0;2
35;NO;Ocasional;2;4;Femenino;1;Casado;2014;1;NO;1;2;2;2;2;2
36;NO;Ocasional;5;2;Femenino;1;Casado;3419;9;SI;4;6;1;1;0;0
33;NO;Frecuentemente;1;3;Femenino;2;Casado;5376;2;NO;1;10;5;3;1;3
35;NO;Ocasional;4;3;Masculino;1;Divorciado;1951;1;NO;3;1;1;0;0;0
27;NO;Ocasional;2;4;Femenino;1;Divorciado;2341;1;NO;4;1;1;0;0;0
26;SI;Ocasional;25;1;Masculino;1;Soltero;2293;1;NO;3;1;1;0;0;1
27;NO;Frecuentemente;8;4;Masculino;3;Soltero;8726;1;NO;4;9;9;8;1;7
30;NO;Frecuentemente;1;3;Femenino;2;Soltero;4011;1;NO;4;12;12;8;3;7
41;SI;Ocasional;12;2;Femenino;5;Casado;19545;1;NO;4;23;22;15;15;8
34;NO;No-viaja;23;2;Masculino;2;Soltero;4568;0;NO;3;10;9;5;8;7
37;NO;Ocasional;19;2;Masculino;1;Casado;3022;4;NO;1;8;1;0;0;0
46;NO;Frecuentemente;5;1;Masculino;2;Soltero;5772;4;SI;3;14;9;6;0;8
35;NO;Ocasional;8;4;Masculino;1;Casado;2269;1;NO;4;1;1;0;0;1
48;SI;Ocasional;1;1;Masculino;3;Soltero;5381;9;SI;4;23;1;0;0;0
28;SI;Ocasional;5;3;Masculino;1;Soltero;3441;1;SI;3;2;2;2;2;2
44;NO;Ocasional;1;2;Femenino;2;Divorciado;5454;5;SI;3;9;4;3;1;3
35;NO;No-viaja;11;3;Masculino;3;Casado;9884;2;SI;3;10;4;0;2;3
26;NO;Ocasional;23;3;Femenino;2;Casado;4157;7;SI;3;5;2;2;0;0
33;NO;Frecuentemente;1;1;Femenino;3;Soltero;13458;1;SI;3;15;15;14;8;12
35;NO;Frecuentemente;18;2;Masculino;3;Casado;9069;1;NO;4;9;9;8;1;8
35;NO;Ocasional;23;3;Femenino;1;Casado;4014;3;SI;3;4;2;2;2;2
31;NO;Ocasional;7;4;Masculino;2;Divorciado;5915;3;NO;4;10;7;7;1;7
37;NO;Ocasional;1;1;Masculino;2;Divorciado;5993;1;NO;3;7;7;5;0;7
32;NO;Ocasional;1;1;Masculino;2;Casado;6162;1;SI;2;9;9;8;7;8
38;NO;Frecuentemente;29;4;Femenino;2;Soltero;2406;1;NO;4;10;10;3;9;9
50;NO;Ocasional;7;2;Femenino;5;Divorciado;18740;5;SI;4;29;27;3;13;8
59;NO;Ocasional;25;1;Femenino;3;Soltero;7637;7;NO;4;28;21;16;7;9
36;NO;Ocasional;8;3;Femenino;3;Divorciado;10096;1;NO;2;17;17;14;12;8
55;NO;Ocasional;8;4;Femenino;4;Divorciado;14756;2;SI;3;21;5;0;0;2
36;NO;Frecuentemente;11;2;Masculino;2;Soltero;6499;1;NO;3;6;6;5;0;3
45;NO;Ocasional;7;2;Masculino;3;Divorciado;9724;2;NO;3;25;1;0;0;0
35;NO;Frecuentemente;1;2;Masculino;1;Casado;2194;4;NO;4;5;3;2;1;2
36;SI;Ocasional;9;4;Masculino;1;Casado;3388;0;SI;1;2;1;0;0;0
59;NO;Frecuentemente;1;1;Femenino;2;Soltero;5473;7;NO;4;20;4;3;1;3
29;NO;Ocasional;2;3;Masculino;1;Casado;2703;0;NO;4;6;5;4;0;4
31;NO;Ocasional;1;3;Masculino;1;Soltero;2501;1;NO;2;1;1;1;1;0
32;NO;Ocasional;1;2;Masculino;2;Casado;6220;1;NO;2;10;10;4;0;9
36;NO;Ocasional;6;2;Femenino;1;Casado;3038;3;NO;2;5;1;0;0;0
31;NO;Ocasional;8;3;Femenino;2;Soltero;4424;1;NO;4;11;11;7;1;8
35;NO;Ocasional;1;3;Masculino;2;Soltero;4312;0;NO;2;16;15;13;2;8
45;NO;Ocasional;6;4;Masculino;3;Casado;13245;4;SI;2;17;0;0;0;0
37;NO;Ocasional;7;1;Masculino;3;Soltero;13664;4;NO;1;16;5;2;0;2
46;NO;Ocasional;5;2;Masculino;2;Divorciado;5021;8;SI;4;16;4;2;0;2
30;NO;Ocasional;1;4;Masculino;2;Casado;5126;1;SI;3;10;10;8;3;0
35;NO;Ocasional;1;2;Masculino;1;Soltero;2859;1;NO;1;6;6;4;0;4
55;NO;Ocasional;1;1;Masculino;3;Casado;10239;3;NO;4;24;1;0;1;0
38;NO;No-viaja;6;2;Femenino;2;Divorciado;5329;7;SI;4;17;13;11;1;9
34;NO;Ocasional;1;1;Masculino;2;Casado;4325;1;NO;3;5;5;2;1;3
56;NO;Ocasional;7;4;Masculino;3;Soltero;7260;4;NO;1;37;6;4;0;2
23;NO;Ocasional;2;3;Masculino;1;Divorciado;2322;3;NO;3;3;0;0;0;0
51;NO;Ocasional;9;4;Masculino;1;Casado;2075;3;NO;2;10;4;2;0;3
30;NO;Ocasional;2;3;Masculino;2;Casado;4152;1;NO;1;11;11;10;10;8
46;SI;Ocasional;9;3;Masculino;3;Soltero;9619;1;NO;4;9;9;8;4;7
40;NO;Frecuentemente;1;3;Masculino;4;Casado;13503;1;NO;4;22;22;3;11;11
51;NO;Ocasional;21;3;Masculino;2;Soltero;5441;0;SI;4;11;10;7;1;0
30;NO;Ocasional;4;3;Femenino;2;Divorciado;5209;1;SI;2;11;11;8;2;7
46;NO;Frecuentemente;1;3;Masculino;3;Casado;10673;2;SI;3;21;10;9;9;5
32;NO;Ocasional;6;2;Masculino;2;Soltero;5010;1;NO;1;12;11;8;5;7
54;NO;Ocasional;2;1;Femenino;3;Casado;13549;9;NO;1;16;4;3;0;3
24;NO;Ocasional;3;1;Femenino;2;Casado;4999;0;NO;1;4;3;2;0;2
28;NO;No-viaja;4;2;Masculino;2;Casado;4221;1;NO;2;5;5;4;0;4
58;NO;Ocasional;10;4;Masculino;4;Soltero;13872;0;NO;3;38;37;10;1;8
44;NO;No-viaja;23;2;Masculino;2;Casado;2042;4;NO;3;17;3;2;1;2
37;SI;Ocasional;6;3;Masculino;1;Divorciado;2073;4;SI;4;7;3;2;0;2
32;NO;Ocasional;1;4;Masculino;1;Soltero;2956;1;NO;4;1;1;0;0;0
20;SI;Frecuentemente;6;4;Femenino;1;Soltero;2926;1;SI;2;1;1;0;1;0
34;NO;Ocasional;6;1;Femenino;2;Soltero;4809;1;NO;3;16;16;13;2;10
37;NO;No-viaja;2;3;Masculino;2;Divorciado;5163;5;NO;4;17;1;0;0;0
59;NO;No-viaja;2;3;Femenino;5;Casado;18844;9;NO;4;30;3;2;2;2
50;NO;Frecuentemente;1;1;Femenino;5;Casado;18172;3;SI;1;28;8;3;0;7
25;SI;Ocasional;5;3;Masculino;2;Soltero;5744;1;SI;4;6;6;4;0;3
25;NO;Ocasional;7;4;Masculino;1;Casado;2889;1;NO;3;2;2;2;2;1
22;NO;Ocasional;15;2;Femenino;1;Soltero;2871;1;NO;3;1;0;0;0;0
51;NO;Frecuentemente;1;1;Femenino;3;Soltero;7484;3;NO;3;23;13;12;12;8
34;SI;Frecuentemente;7;1;Masculino;2;Soltero;6074;1;SI;4;9;9;7;0;6
54;NO;No-viaja;26;4;Femenino;4;Soltero;17328;2;SI;3;23;5;3;4;4
24;NO;Ocasional;18;2;Masculino;1;Casado;2774;0;NO;3;6;5;3;1;2
34;NO;Ocasional;6;3;Femenino;2;Divorciado;4505;6;NO;3;12;1;0;0;0
37;NO;Ocasional;3;3;Masculino;3;Soltero;7428;2;NO;1;12;5;3;1;3
34;NO;Ocasional;5;3;Femenino;3;Soltero;11631;2;NO;4;14;11;10;5;8
36;NO;Frecuentemente;11;2;Femenino;3;Casado;9738;0;NO;3;10;9;7;2;8
36;NO;Ocasional;3;1;Femenino;1;Divorciado;2835;5;NO;1;7;1;0;0;0
43;NO;Frecuentemente;26;3;Masculino;4;Casado;16959;1;SI;4;25;25;12;4;12
30;NO;Frecuentemente;23;1;Masculino;1;Divorciado;2613;1;NO;3;10;10;7;0;9
33;NO;No-viaja;22;3;Masculino;2;Casado;6146;0;NO;1;8;7;7;0;7
56;SI;Ocasional;14;2;Femenino;1;Casado;4963;9;SI;1;7;5;4;4;3
51;NO;Ocasional;6;1;Masculino;5;Soltero;19537;7;NO;3;23;20;18;15;15
31;SI;Ocasional;6;2;Masculino;2;Casado;6172;4;SI;2;12;7;7;7;7
26;NO;Ocasional;6;3;Femenino;1;Casado;2368;1;NO;3;5;5;4;4;3
58;SI;Ocasional;23;4;Femenino;3;Casado;10312;1;NO;4;40;40;10;15;6
19;SI;Ocasional;22;4;Masculino;1;Soltero;1675;1;SI;4;0;0;0;0;0
22;NO;Ocasional;2;3;Masculino;1;Casado;2523;0;NO;3;3;2;1;2;1
49;NO;Ocasional;20;3;Femenino;2;Casado;6567;1;NO;3;16;15;11;5;11
43;NO;Frecuentemente;28;2;Femenino;1;Soltero;4739;4;NO;4;18;3;2;1;2
50;NO;Frecuentemente;12;3;Femenino;3;Soltero;9208;4;NO;4;16;2;2;2;1
31;SI;Ocasional;20;2;Femenino;2;Casado;4559;3;SI;3;4;2;2;2;2
41;NO;Ocasional;9;3;Masculino;3;Divorciado;8189;3;SI;3;12;9;7;0;7
26;NO;Ocasional;25;3;Femenino;1;Casado;2942;1;NO;4;8;8;7;5;7
36;NO;Ocasional;6;2;Masculino;2;Divorciado;4941;6;NO;4;7;3;2;0;1
51;SI;Frecuentemente;8;1;Masculino;3;Soltero;10650;2;NO;4;18;4;2;0;3
39;NO;Ocasional;4;4;Femenino;2;Casado;5902;4;NO;3;17;15;11;5;9
25;NO;Ocasional;28;1;Masculino;2;Casado;8639;2;NO;4;6;2;2;2;2
30;NO;Ocasional;9;3;Masculino;2;Casado;6347;0;SI;4;12;11;9;4;7
32;SI;Ocasional;9;1;Femenino;1;Soltero;4200;7;NO;1;10;5;4;0;4
45;NO;Ocasional;29;3;Masculino;1;Soltero;3452;5;NO;2;9;6;5;0;3
38;NO;Ocasional;3;4;Femenino;2;Soltero;4317;3;SI;2;19;3;2;2;2
30;NO;Ocasional;18;1;Femenino;1;Soltero;2632;1;NO;3;5;5;4;0;4
32;NO;Frecuentemente;9;4;Masculino;2;Divorciado;4668;0;NO;4;9;8;7;0;7
30;NO;Ocasional;5;4;Femenino;1;Divorciado;3204;5;NO;4;8;3;2;2;2
30;NO;Ocasional;2;2;Masculino;1;Soltero;2720;0;NO;4;6;5;3;1;2
41;NO;Frecuentemente;10;4;Masculino;4;Divorciado;17181;4;NO;2;21;7;6;7;7
41;NO;Ocasional;9;3;Masculino;1;Casado;2238;2;NO;4;7;5;0;1;4
19;NO;Ocasional;3;2;Femenino;1;Soltero;1483;1;NO;4;1;1;0;0;0
40;NO;Frecuentemente;26;2;Femenino;2;Divorciado;5605;1;NO;1;20;20;7;2;13
35;NO;Ocasional;1;3;Masculino;3;Casado;7295;1;NO;1;10;10;8;0;6
53;NO;Ocasional;6;2;Masculino;2;Casado;2306;2;SI;4;13;7;7;4;5
45;NO;Ocasional;9;2;Masculino;2;Divorciado;2348;8;NO;3;20;17;9;0;15
32;NO;Frecuentemente;8;2;Femenino;3;Soltero;8998;1;NO;4;9;9;8;3;7
29;NO;No-viaja;1;4;Masculino;2;Casado;4319;1;NO;1;10;10;7;0;9
51;NO;Ocasional;7;2;Masculino;2;Casado;6132;2;NO;3;10;1;0;0;0
58;NO;Ocasional;9;2;Femenino;1;Casado;3346;4;SI;2;9;1;0;0;0
40;NO;Ocasional;4;3;Masculino;3;Casado;10855;7;NO;1;15;12;11;2;11
34;NO;Frecuentemente;2;3;Femenino;1;Casado;2231;6;NO;4;6;4;3;1;2
22;NO;Ocasional;19;3;Masculino;1;Casado;2323;1;NO;1;2;2;2;2;2
27;NO;No-viaja;9;4;Masculino;1;Divorciado;2024;6;NO;4;6;2;2;2;2
28;NO;Ocasional;21;3;Masculino;1;Casado;2713;1;NO;3;5;5;2;0;2
57;NO;Ocasional;24;3;Masculino;3;Divorciado;9439;3;SI;2;12;5;3;1;4
27;NO;No-viaja;3;3;Masculino;1;Divorciado;2566;1;SI;4;1;1;1;0;1
50;NO;Ocasional;11;3;Femenino;5;Soltero;19926;3;NO;2;21;5;4;4;4
41;NO;Ocasional;14;1;Masculino;1;Divorciado;2451;4;NO;1;13;9;8;1;8
30;NO;Ocasional;5;2;Femenino;3;Casado;9419;2;NO;3;12;10;9;7;4
38;NO;Ocasional;1;1;Femenino;2;Soltero;8686;4;NO;3;12;8;3;0;7
32;NO;Ocasional;6;3;Masculino;1;Soltero;3038;3;NO;1;8;5;4;1;4
27;NO;Ocasional;17;3;Masculino;1;Casado;3058;0;SI;4;6;5;2;1;1
19;SI;Frecuentemente;1;3;Femenino;1;Soltero;2325;0;NO;1;1;0;0;0;0
36;NO;Frecuentemente;3;4;Masculino;1;Soltero;2088;4;NO;3;13;8;7;7;2
30;NO;No-viaja;9;3;Masculino;2;Divorciado;3072;1;NO;3;12;12;9;6;10
45;NO;Ocasional;4;3;Femenino;2;Divorciado;5006;4;SI;1;9;5;4;0;3
56;NO;Ocasional;8;3;Femenino;1;Divorciado;4257;4;SI;3;19;2;2;2;2
33;NO;Ocasional;2;3;Masculino;1;Soltero;2500;0;NO;1;4;3;1;0;2
19;SI;Ocasional;2;2;Masculino;1;Soltero;1102;1;NO;3;1;1;0;1;0
46;NO;Ocasional;1;2;Femenino;3;Divorciado;10453;1;NO;3;24;24;13;15;7
38;NO;Ocasional;9;3;Femenino;1;Soltero;2288;1;NO;3;2;2;2;2;1
31;NO;Ocasional;12;3;Femenino;1;Casado;3929;8;SI;3;7;4;2;0;2
34;NO;Ocasional;27;4;Femenino;1;Soltero;2311;2;NO;4;9;3;2;1;2
41;SI;Ocasional;20;2;Femenino;1;Soltero;3140;1;SI;4;4;4;3;0;2
50;NO;Ocasional;1;3;Masculino;1;Casado;3690;2;NO;4;5;3;2;0;2
53;NO;Ocasional;13;4;Femenino;2;Divorciado;4450;1;NO;3;5;4;2;1;3
33;NO;Ocasional;14;4;Femenino;1;Casado;2756;1;NO;4;8;8;7;1;6
40;NO;Ocasional;4;4;Femenino;5;Casado;19033;1;NO;2;21;20;8;9;9
55;NO;Ocasional;14;3;Masculino;5;Soltero;18722;8;NO;4;36;24;15;2;15
34;NO;Frecuentemente;2;4;Masculino;2;Casado;9547;1;NO;3;10;10;9;1;9
51;NO;Ocasional;3;4;Femenino;4;Soltero;13734;3;NO;3;21;7;7;1;0
52;NO;Ocasional;1;3;Masculino;5;Casado;19999;0;NO;1;34;33;18;11;9
27;NO;Ocasional;9;4;Femenino;1;Soltero;2279;1;NO;4;7;7;7;0;3
35;SI;Ocasional;23;2;Masculino;2;Casado;5916;3;SI;1;8;1;0;0;1
43;NO;No-viaja;7;4;Masculino;1;Divorciado;2089;4;NO;4;7;5;4;2;2
45;NO;No-viaja;2;1;Masculino;4;Casado;16792;9;NO;4;22;20;8;11;8
37;NO;Ocasional;21;2;Masculino;1;Casado;3564;1;SI;1;8;8;7;1;7
35;NO;Frecuentemente;2;2;Femenino;2;Soltero;4425;5;NO;4;10;6;2;1;2
42;NO;No-viaja;21;3;Femenino;2;Divorciado;5265;2;NO;2;11;5;3;0;2
38;NO;Ocasional;2;4;Masculino;2;Casado;6553;9;NO;2;14;1;0;0;0
38;NO;Ocasional;29;4;Masculino;2;Casado;6261;3;NO;1;9;7;7;1;7
27;NO;Frecuentemente;1;3;Masculino;2;Casado;4298;5;NO;3;6;2;2;2;0
49;NO;No-viaja;18;4;Masculino;2;Divorciado;6804;1;SI;1;7;7;7;1;7
34;NO;Frecuentemente;10;4;Masculino;1;Divorciado;3815;1;SI;4;5;5;3;2;0
40;NO;Ocasional;19;3;Masculino;2;Casado;2741;8;SI;3;15;7;2;3;7
38;SI;Ocasional;29;2;Masculino;2;Casado;6673;7;SI;2;17;1;0;0;0
29;SI;Ocasional;27;2;Femenino;3;Casado;7639;1;NO;4;10;10;4;1;9
22;NO;Ocasional;5;4;Masculino;1;Divorciado;2328;1;SI;1;4;4;2;2;2
36;NO;Frecuentemente;18;2;Femenino;1;Soltero;2153;1;NO;1;8;8;1;1;7
40;NO;No-viaja;9;4;Masculino;2;Casado;4876;9;NO;4;5;3;2;0;2
46;NO;Ocasional;1;4;Masculino;3;Divorciado;9396;7;NO;3;17;4;2;0;3
32;SI;Ocasional;4;4;Masculino;3;Casado;10400;1;NO;3;14;14;8;9;8
30;NO;No-viaja;1;3;Masculino;3;Soltero;8474;1;NO;3;12;11;8;5;8
27;NO;Frecuentemente;20;4;Femenino;2;Soltero;9981;1;NO;4;7;7;7;0;7
51;NO;Ocasional;8;2;Masculino;3;Casado;12490;5;NO;4;16;10;9;4;7
30;SI;Ocasional;3;4;Femenino;1;Soltero;2657;5;SI;3;8;5;2;0;4
41;NO;Ocasional;6;4;Femenino;3;Soltero;13591;3;SI;3;16;1;0;0;0
30;SI;Frecuentemente;26;3;Femenino;2;Soltero;6696;5;NO;3;9;6;3;0;1
29;SI;Ocasional;1;3;Masculino;1;Soltero;2058;0;NO;4;7;6;2;1;5
45;NO;No-viaja;6;4;Femenino;3;Soltero;8865;6;NO;4;23;19;7;12;8
54;NO;Ocasional;3;4;Femenino;2;Casado;5940;2;NO;4;16;6;2;0;5
36;NO;Ocasional;5;4;Masculino;2;Soltero;5914;8;NO;4;16;13;11;3;7
33;NO;Ocasional;4;3;Femenino;1;Casado;2622;6;NO;4;7;3;2;1;1
37;NO;Frecuentemente;11;2;Masculino;3;Divorciado;12185;1;SI;3;10;10;8;0;7
38;NO;Ocasional;3;1;Masculino;3;Divorciado;10609;0;NO;3;17;16;10;5;13
31;NO;No-viaja;1;3;Masculino;2;Casado;4345;0;NO;4;6;5;4;1;4
59;NO;Ocasional;3;3;Masculino;1;Casado;2177;3;NO;1;7;1;0;0;0
37;NO;Frecuentemente;4;1;Masculino;1;Divorciado;2793;4;NO;3;13;9;8;5;8
29;NO;Frecuentemente;1;2;Femenino;3;Casado;7918;1;NO;4;11;11;10;4;1
35;NO;Frecuentemente;1;3;Femenino;3;Soltero;8789;1;NO;1;10;10;7;0;8
29;SI;Ocasional;18;3;Masculino;1;Soltero;2389;1;SI;3;4;4;3;0;1
52;NO;Ocasional;2;3;Femenino;1;Soltero;3212;7;NO;2;6;2;2;2;2
42;NO;Ocasional;4;3;Masculino;5;Casado;19232;1;NO;4;22;22;17;11;15
59;NO;Ocasional;6;2;Masculino;1;Casado;2267;8;NO;4;7;2;2;2;2
50;NO;Ocasional;1;4;Femenino;5;Divorciado;19517;3;NO;3;32;7;0;0;6
33;SI;Ocasional;14;3;Masculino;1;Casado;2436;5;SI;3;8;5;4;0;4
43;NO;Ocasional;16;4;Femenino;4;Casado;16064;5;SI;3;22;17;13;1;9
33;SI;Ocasional;2;1;Femenino;1;Casado;2707;7;NO;1;13;9;7;1;7
52;NO;No-viaja;2;1;Masculino;5;Soltero;19068;1;SI;4;33;33;7;15;12
32;NO;Ocasional;4;3;Femenino;1;Casado;3931;2;NO;1;6;4;3;1;2
32;SI;Ocasional;1;4;Masculino;1;Soltero;3730;0;SI;4;4;3;2;1;2
39;NO;Ocasional;1;3;Femenino;1;Divorciado;2232;7;NO;3;7;3;2;1;2
32;NO;No-viaja;26;3;Masculino;2;Casado;4465;0;NO;1;4;3;2;2;2
41;NO;Ocasional;19;3;Masculino;2;Divorciado;3072;2;NO;1;17;1;0;0;0
40;NO;Ocasional;24;1;Masculino;2;Divorciado;3319;1;NO;1;9;9;8;4;7
45;NO;Ocasional;1;3;Masculino;5;Casado;19202;0;NO;3;25;24;0;1;7
31;NO;Frecuentemente;3;2;Masculino;3;Divorciado;13675;9;NO;1;9;2;2;2;2
33;NO;Ocasional;5;3;Femenino;1;Casado;2911;1;NO;3;2;2;2;0;2
34;NO;Ocasional;2;4;Masculino;2;Casado;5957;6;NO;2;13;11;9;5;9
37;NO;Ocasional;1;3;Femenino;1;Casado;3920;2;NO;1;17;3;1;0;2
45;NO;Frecuentemente;7;1;Masculino;2;Casado;6434;4;NO;4;9;3;2;0;2
37;SI;Frecuentemente;10;1;Masculino;3;Divorciado;10048;6;NO;2;17;1;0;0;0
39;NO;Frecuentemente;2;3;Femenino;3;Soltero;10938;0;NO;4;20;19;6;11;8
29;NO;Ocasional;15;3;Masculino;1;Soltero;2340;1;NO;1;6;6;5;1;5
42;NO;Ocasional;17;4;Femenino;2;Soltero;6545;3;SI;3;10;3;2;0;2
29;NO;Ocasional;20;4;Masculino;2;Divorciado;6931;2;NO;4;10;3;2;0;2
25;NO;Ocasional;1;1;Femenino;2;Casado;4898;0;NO;4;5;4;2;1;2
42;NO;Ocasional;2;4;Femenino;1;Divorciado;2593;0;SI;3;10;9;6;7;8
40;NO;Ocasional;2;1;Masculino;5;Divorciado;19436;0;NO;4;22;21;7;3;9
51;NO;Ocasional;1;3;Masculino;1;Casado;2723;1;NO;2;1;1;0;0;0
31;SI;Frecuentemente;29;3;Masculino;1;Soltero;3479;0;NO;2;6;5;4;1;4
32;NO;Frecuentemente;7;2;Masculino;1;Casado;2794;1;NO;3;5;5;1;0;3
38;NO;No-viaja;2;4;Masculino;2;Casado;5249;3;NO;4;13;8;7;7;5
32;NO;Ocasional;2;4;Masculino;2;Soltero;2176;4;NO;4;9;6;2;0;4
46;NO;Ocasional;2;3;Femenino;4;Casado;16872;3;SI;2;28;7;7;7;7
28;SI;Ocasional;2;1;Masculino;1;Soltero;3485;2;NO;3;5;0;0;0;0
29;NO;Ocasional;2;1;Masculino;2;Casado;6644;2;NO;2;10;0;0;0;0
31;NO;Ocasional;23;2;Masculino;2;Casado;5582;0;NO;2;10;9;0;7;8
25;NO;No-viaja;5;2;Masculino;2;Divorciado;4000;1;NO;4;6;6;3;1;5
45;NO;Ocasional;20;3;Masculino;4;Casado;13496;0;SI;2;21;20;7;4;10
36;NO;Ocasional;6;4;Masculino;1;Casado;3210;0;NO;3;16;15;13;10;11
55;NO;Ocasional;1;4;Masculino;5;Soltero;19045;0;SI;3;37;36;10;4;13
47;SI;No-viaja;29;1;Masculino;3;Casado;11849;1;SI;4;10;10;7;9;9
28;NO;Ocasional;9;4;Masculino;1;Casado;2070;1;NO;4;5;5;2;0;4
37;NO;Ocasional;6;3;Masculino;2;Casado;6502;4;NO;2;7;5;4;0;1
21;NO;Ocasional;3;4;Masculino;1;Soltero;3230;1;NO;1;3;3;2;1;0
37;NO;No-viaja;1;1;Femenino;3;Divorciado;13603;2;SI;1;15;5;2;0;2
35;NO;Ocasional;22;2;Femenino;3;Divorciado;11996;7;NO;2;10;7;7;6;2
38;NO;Ocasional;7;1;Femenino;2;Divorciado;5605;1;SI;3;8;8;0;7;7
26;NO;Frecuentemente;1;3;Femenino;2;Divorciado;6397;1;NO;1;6;6;5;1;4
50;NO;Ocasional;4;1;Masculino;5;Divorciado;19144;3;NO;1;28;10;4;1;6
53;NO;Ocasional;3;3;Masculino;4;Casado;17584;3;SI;4;21;5;3;1;3
42;NO;Ocasional;1;2;Masculino;2;Casado;4907;1;NO;3;20;20;16;11;6
29;NO;Frecuentemente;2;2;Masculino;2;Soltero;4554;1;NO;1;10;10;7;0;9
55;NO;Ocasional;20;2;Masculino;2;Casado;5415;3;SI;4;12;10;7;0;8
26;NO;Frecuentemente;11;1;Masculino;2;Casado;4741;1;SI;3;5;5;3;3;3
37;NO;Ocasional;1;4;Femenino;1;Soltero;2115;1;NO;2;17;17;12;5;7
44;SI;Frecuentemente;24;4;Masculino;1;Divorciado;3161;3;SI;4;19;1;0;0;0
38;NO;Ocasional;23;4;Masculino;2;Divorciado;5745;9;NO;2;10;2;2;1;2
26;SI;Ocasional;16;1;Masculino;1;Divorciado;2373;2;SI;4;5;3;2;0;2
28;NO;Ocasional;8;4;Femenino;1;Soltero;3310;1;NO;4;5;5;3;0;2
49;NO;Frecuentemente;10;3;Femenino;5;Soltero;18665;9;SI;4;22;3;2;1;2
36;NO;Ocasional;3;3;Masculino;2;Soltero;4485;4;NO;4;10;8;0;7;7
31;NO;Frecuentemente;5;4;Femenino;1;Divorciado;2789;1;NO;3;2;2;2;2;2
26;SI;Ocasional;4;4;Masculino;2;Soltero;5828;1;SI;2;8;8;7;7;4
37;NO;Frecuentemente;9;2;Masculino;1;Casado;2326;1;SI;3;4;4;2;1;2
42;NO;Frecuentemente;26;3;Femenino;4;Casado;13525;5;NO;4;23;20;4;4;8
18;SI;Ocasional;3;3;Masculino;1;Soltero;1420;1;NO;3;0;0;0;0;0
35;NO;Ocasional;16;3;Masculino;3;Casado;8020;0;NO;3;12;11;9;6;9
36;NO;Frecuentemente;18;3;Masculino;1;Casado;3688;4;NO;4;4;1;0;0;0
51;NO;Ocasional;2;4;Masculino;2;Divorciado;5482;5;NO;4;13;4;1;1;2
41;NO;Ocasional;2;4;Masculino;4;Soltero;16015;1;NO;2;22;22;10;0;4
18;NO;Ocasional;10;4;Femenino;1;Soltero;1200;1;NO;1;0;0;0;0;0
28;NO;Ocasional;16;2;Masculino;2;Soltero;5661;0;NO;3;9;8;3;0;7
31;NO;Ocasional;7;2;Masculino;2;Casado;6929;4;NO;2;10;8;7;7;7
39;NO;Ocasional;1;3;Masculino;3;Divorciado;9613;0;NO;1;19;18;10;3;7
36;NO;No-viaja;24;2;Femenino;2;Casado;5674;7;NO;3;11;9;8;0;8
32;NO;Ocasional;7;4;Masculino;2;Casado;5484;1;NO;3;13;13;8;4;8
38;NO;Ocasional;25;1;Femenino;3;Casado;12061;3;NO;3;19;10;8;0;1
58;NO;No-viaja;1;4;Masculino;2;Divorciado;5660;2;SI;4;12;5;3;1;2
31;NO;Ocasional;5;3;Masculino;1;Casado;4821;0;SI;3;6;5;2;0;3
31;NO;Ocasional;2;1;Masculino;2;Casado;6410;3;NO;4;9;2;2;1;0
45;NO;Frecuentemente;7;1;Masculino;3;Divorciado;5210;1;NO;1;24;24;9;9;11
31;NO;Ocasional;2;3;Masculino;1;Divorciado;2695;0;SI;2;3;2;2;2;2
33;NO;Frecuentemente;5;4;Femenino;3;Casado;11878;6;NO;2;12;10;6;8;8
39;NO;Ocasional;10;3;Masculino;4;Casado;17068;1;SI;4;21;21;9;11;10
43;NO;Frecuentemente;10;3;Femenino;1;Soltero;2455;0;NO;1;9;8;7;1;7
49;NO;Ocasional;1;3;Femenino;4;Soltero;13964;7;SI;4;25;7;1;0;7
52;SI;Ocasional;8;3;Masculino;2;Casado;4941;2;NO;1;11;8;2;7;7
27;NO;Ocasional;5;3;Femenino;1;Soltero;2478;1;SI;2;4;4;3;1;2
32;NO;Ocasional;8;3;Femenino;2;Casado;5228;1;SI;4;13;13;12;11;9
27;NO;Ocasional;2;4;Masculino;2;Soltero;4478;1;SI;1;5;5;4;0;4
31;NO;Ocasional;7;4;Masculino;2;Divorciado;7547;4;NO;4;13;7;7;1;7
32;NO;Ocasional;2;1;Femenino;2;Soltero;5055;7;NO;3;10;7;7;0;7
28;SI;Ocasional;2;1;Masculino;1;Casado;3464;5;SI;4;5;3;2;2;2
30;NO;Ocasional;28;4;Femenino;2;Casado;5775;1;NO;4;11;10;8;1;9
31;NO;Frecuentemente;7;3;Femenino;3;Casado;8943;1;NO;1;10;10;9;8;9
39;NO;Frecuentemente;7;3;Masculino;5;Casado;19272;1;NO;1;21;21;9;13;3
39;SI;Ocasional;3;4;Femenino;2;Casado;5238;4;SI;1;12;1;0;0;0
33;NO;Frecuentemente;10;2;Masculino;2;Soltero;4682;3;NO;3;9;7;7;0;1
47;NO;Ocasional;5;4;Masculino;5;Casado;18300;4;NO;2;21;3;2;1;1
43;NO;Frecuentemente;10;3;Femenino;2;Divorciado;5257;1;NO;2;9;9;7;0;0
27;NO;No-viaja;1;3;Masculino;2;Casado;6349;0;SI;4;6;5;4;1;4
54;NO;Frecuentemente;20;4;Femenino;2;Soltero;4869;3;NO;4;20;4;3;0;3
43;NO;Ocasional;7;3;Femenino;3;Casado;9985;8;NO;1;10;1;0;0;0
45;NO;Ocasional;8;4;Masculino;2;Casado;3697;9;NO;1;12;10;9;9;8
40;NO;Ocasional;1;2;Masculino;2;Casado;7457;2;SI;3;6;4;3;0;2
29;SI;Ocasional;8;2;Masculino;1;Casado;2119;1;SI;4;7;7;7;0;7
29;NO;Ocasional;9;2;Masculino;1;Soltero;3983;0;NO;3;4;3;2;2;2
30;NO;Ocasional;5;4;Femenino;2;Divorciado;6118;1;NO;3;10;10;9;1;2
27;NO;Ocasional;8;2;Femenino;2;Casado;6214;1;NO;1;8;8;7;0;7
37;NO;Ocasional;5;4;Masculino;2;Divorciado;6347;7;NO;3;8;6;2;0;4
38;NO;Ocasional;15;3;Masculino;3;Divorciado;11510;0;SI;2;12;11;10;2;9
31;NO;Ocasional;7;3;Femenino;3;Soltero;7143;1;SI;3;11;11;9;4;10
29;NO;Ocasional;10;4;Femenino;2;Divorciado;8268;1;SI;1;7;7;7;1;7
35;NO;Ocasional;5;3;Masculino;3;Soltero;8095;0;NO;4;17;16;6;0;13
23;NO;Ocasional;26;3;Masculino;1;Divorciado;2904;1;NO;3;4;4;2;0;2
41;NO;Ocasional;6;4;Masculino;2;Soltero;6032;6;SI;4;8;5;4;1;2
47;NO;Frecuentemente;4;2;Masculino;2;Soltero;2976;3;NO;1;5;0;0;0;0
42;NO;Ocasional;23;1;Femenino;4;Soltero;15992;2;NO;2;16;1;0;0;0
29;NO;No-viaja;2;4;Masculino;2;Casado;4649;1;NO;1;4;4;3;0;2
42;NO;Ocasional;2;3;Masculino;1;Divorciado;2696;0;SI;3;4;3;2;1;0
32;NO;Ocasional;2;3;Femenino;1;Casado;2370;1;NO;3;8;8;0;0;7
48;NO;Ocasional;29;1;Femenino;3;Casado;12504;3;NO;2;15;0;0;0;0
37;NO;Ocasional;6;3;Masculino;2;Divorciado;5974;4;SI;1;13;7;7;6;7
30;NO;No-viaja;25;4;Femenino;2;Casado;4736;7;SI;2;4;2;2;2;2
26;NO;Ocasional;1;3;Masculino;2;Casado;5296;1;NO;2;8;8;7;7;7
42;NO;Ocasional;2;1;Masculino;2;Soltero;6781;3;NO;2;14;1;0;0;0
21;SI;Frecuentemente;1;1;Femenino;1;Soltero;2174;1;SI;3;3;3;2;1;2
36;NO;No-viaja;1;4;Femenino;2;Soltero;6653;4;NO;2;7;1;0;0;0
36;NO;Frecuentemente;3;1;Masculino;3;Casado;9699;4;NO;1;16;13;9;1;12
57;NO;Ocasional;1;4;Masculino;2;Casado;6755;2;NO;3;15;3;2;1;2
40;NO;Ocasional;10;4;Femenino;1;Casado;2213;3;SI;3;10;7;7;1;7
21;NO;No-viaja;9;1;Masculino;1;Soltero;2610;1;NO;3;3;3;2;2;2
33;SI;Ocasional;5;4;Femenino;1;Soltero;2851;1;SI;2;1;1;0;0;0
37;NO;Ocasional;10;3;Femenino;1;Casado;3452;6;NO;2;17;5;4;0;3
46;NO;No-viaja;7;3;Femenino;2;Casado;5258;2;NO;3;7;1;0;0;0
41;SI;Frecuentemente;4;1;Masculino;2;Soltero;9355;1;NO;3;8;8;7;7;7
50;NO;Ocasional;10;4;Masculino;3;Soltero;10496;6;NO;4;20;4;3;1;3
40;SI;Ocasional;22;3;Masculino;2;Casado;6380;2;SI;1;8;6;4;1;0
31;NO;Ocasional;9;3;Masculino;1;Soltero;2657;0;SI;4;3;2;2;2;2
21;SI;Ocasional;12;3;Femenino;1;Soltero;2716;1;NO;4;1;1;0;0;0
29;NO;Ocasional;23;4;Masculino;1;Soltero;2201;9;NO;4;6;3;2;1;2
35;NO;Ocasional;9;3;Masculino;2;Soltero;6540;9;NO;3;10;1;1;0;0
27;NO;Ocasional;1;4;Masculino;1;Divorciado;3816;1;NO;2;5;5;2;0;4
28;NO;Ocasional;9;2;Masculino;2;Soltero;5253;1;NO;4;7;7;5;0;7
49;NO;Ocasional;7;2;Masculino;3;Soltero;10965;8;NO;3;26;5;2;0;0
51;NO;Ocasional;14;3;Femenino;2;Casado;4936;4;NO;3;18;7;7;0;7
36;NO;Ocasional;2;4;Femenino;1;Casado;2543;4;NO;2;6;2;2;2;2
34;SI;No-viaja;19;1;Masculino;2;Soltero;5304;8;SI;2;9;5;2;0;4
55;NO;Ocasional;2;3;Femenino;4;Soltero;16659;2;SI;3;30;5;4;1;2
24;NO;Ocasional;10;4;Femenino;2;Divorciado;4260;1;SI;4;5;5;2;0;3
30;NO;Ocasional;2;3;Masculino;1;Casado;2476;1;NO;1;1;1;0;0;0
26;SI;Frecuentemente;3;3;Masculino;1;Soltero;3102;0;NO;3;7;6;4;0;4
22;NO;Ocasional;11;1;Femenino;1;Casado;2244;1;NO;4;2;2;1;1;2
36;NO;Ocasional;2;2;Masculino;3;Casado;7596;1;NO;2;10;10;9;9;0
30;SI;Frecuentemente;4;3;Masculino;1;Soltero;2285;9;SI;3;3;1;0;0;0
37;NO;Ocasional;14;4;Femenino;1;Divorciado;3034;1;NO;3;18;18;7;12;17
40;NO;Ocasional;2;4;Femenino;2;Divorciado;5715;7;NO;3;8;5;4;1;3
42;NO;Ocasional;1;2;Femenino;1;Divorciado;2576;3;NO;2;8;5;2;1;2
37;NO;Ocasional;10;3;Masculino;2;Soltero;4197;2;SI;4;18;1;0;0;1
43;NO;Ocasional;12;1;Masculino;4;Divorciado;14336;1;NO;3;25;25;10;3;9
40;NO;Ocasional;2;2;Femenino;2;Casado;3448;6;NO;2;20;1;0;0;0
54;NO;Ocasional;5;1;Masculino;5;Casado;19406;4;NO;3;24;4;2;1;2
34;NO;No-viaja;4;3;Femenino;2;Casado;6538;9;NO;1;6;3;2;1;2
31;NO;Ocasional;7;2;Femenino;2;Casado;4306;1;NO;2;13;13;10;3;12
43;NO;Frecuentemente;21;4;Masculino;1;Casado;2258;7;NO;1;8;3;2;1;2
43;NO;Ocasional;8;3;Femenino;2;Divorciado;4522;4;SI;4;8;5;2;0;2
25;NO;Ocasional;4;2;Femenino;2;Soltero;4487;1;SI;2;5;5;4;1;3
37;NO;No-viaja;25;2;Femenino;2;Casado;4449;3;SI;1;15;13;11;10;7
31;NO;Ocasional;1;4;Masculino;1;Casado;2218;1;NO;3;4;4;2;3;2
39;NO;Frecuentemente;1;2;Masculino;5;Divorciado;19197;1;SI;3;21;21;8;1;6
56;NO;Frecuentemente;6;3;Femenino;4;Casado;13212;9;NO;4;36;7;7;7;7
30;NO;Ocasional;12;2;Femenino;2;Soltero;6577;0;NO;2;6;5;4;4;4
41;NO;Ocasional;1;2;Masculino;3;Casado;8392;1;NO;3;10;10;7;0;7
28;NO;Ocasional;17;3;Masculino;2;Divorciado;4558;1;NO;4;10;10;0;1;8
25;SI;Ocasional;3;1;Masculino;1;Casado;4031;5;NO;3;6;2;2;0;2
52;NO;Ocasional;3;4;Masculino;3;Casado;7969;2;SI;3;28;5;4;0;4
45;NO;Ocasional;10;1;Masculino;1;Casado;2654;3;NO;4;8;2;2;0;2
52;NO;Ocasional;4;4;Femenino;4;Casado;16555;2;NO;4;31;5;2;1;4
42;NO;Frecuentemente;29;1;Femenino;2;Divorciado;4556;2;NO;2;19;5;4;0;2
30;NO;Ocasional;2;3;Femenino;2;Soltero;6091;2;NO;3;11;5;4;0;2
60;NO;Ocasional;7;1;Femenino;5;Casado;19566;5;NO;4;33;29;8;11;10
46;NO;Ocasional;18;3;Femenino;2;Divorciado;4810;2;NO;3;19;10;7;0;8
42;NO;Frecuentemente;28;4;Femenino;2;Casado;4523;0;NO;4;7;6;5;0;4
24;SI;Ocasional;1;1;Femenino;1;Soltero;3202;1;SI;2;6;5;3;1;4
34;SI;Frecuentemente;6;4;Femenino;1;Divorciado;2351;0;NO;4;3;2;2;1;0
38;NO;Frecuentemente;2;4;Masculino;1;Casado;1702;1;SI;3;1;1;0;0;0
40;NO;Ocasional;2;3;Femenino;5;Casado;18041;0;NO;4;21;20;15;1;12
26;NO;Ocasional;23;1;Femenino;1;Divorciado;2886;1;NO;2;3;3;2;0;2
30;NO;No-viaja;3;3;Masculino;1;Casado;2097;4;NO;3;9;5;3;1;4
29;NO;Ocasional;3;2;Masculino;3;Casado;11935;1;NO;3;10;10;2;0;7
29;SI;Ocasional;25;3;Femenino;1;Casado;2546;5;NO;2;6;2;2;1;1
19;SI;Ocasional;2;1;Masculino;1;Soltero;2564;1;NO;3;1;1;0;0;0
30;NO;No-viaja;22;3;Femenino;3;Casado;8412;0;NO;3;10;9;8;7;8
57;NO;Ocasional;29;1;Masculino;4;Divorciado;14118;3;NO;3;32;1;0;0;0
50;NO;Ocasional;29;2;Masculino;4;Casado;17046;0;NO;2;28;27;10;15;7
30;NO;No-viaja;2;3;Femenino;1;Soltero;2564;0;NO;3;12;11;7;6;7
60;NO;Frecuentemente;28;3;Femenino;3;Casado;10266;4;NO;4;22;18;13;13;11
47;NO;Ocasional;2;1;Femenino;2;Divorciado;5070;5;NO;3;20;5;0;0;4
46;NO;Ocasional;2;1;Masculino;4;Casado;17861;6;NO;3;26;3;2;0;1
35;NO;Ocasional;22;4;Masculino;1;Soltero;4230;0;NO;3;6;5;4;4;3
54;NO;Ocasional;8;3;Femenino;2;Soltero;3780;7;NO;3;19;1;0;0;0
34;NO;Ocasional;2;4;Masculino;1;Divorciado;2768;3;NO;3;14;7;3;5;7
46;NO;Ocasional;10;3;Femenino;3;Casado;9071;2;SI;3;15;3;2;1;2
31;NO;Ocasional;9;3;Masculino;3;Divorciado;10648;1;NO;4;13;13;8;0;8
33;SI;Ocasional;15;2;Masculino;3;Casado;13610;7;SI;4;15;7;6;7;7
33;SI;Ocasional;10;1;Masculino;1;Divorciado;3408;7;NO;1;8;4;3;1;3
30;NO;Ocasional;7;4;Masculino;1;Soltero;2983;0;NO;1;4;3;2;1;2
35;NO;Ocasional;16;4;Masculino;3;Casado;7632;4;SI;3;10;8;7;0;0
31;SI;Frecuentemente;20;1;Masculino;3;Casado;9824;3;NO;1;12;1;0;0;0
34;SI;Frecuentemente;23;2;Femenino;3;Divorciado;9950;9;SI;3;11;3;2;0;2
42;NO;Frecuentemente;5;2;Masculino;1;Casado;2093;4;NO;4;8;2;2;2;0
36;NO;No-viaja;10;2;Masculino;3;Soltero;9980;1;NO;4;10;10;3;9;7
22;SI;Frecuentemente;4;3;Masculino;1;Soltero;3894;5;NO;3;4;2;2;1;2
48;NO;Ocasional;2;2;Femenino;2;Casado;4051;2;NO;1;14;9;7;6;7
55;NO;Ocasional;18;1;Femenino;4;Soltero;16835;3;NO;4;37;10;9;7;7
41;NO;No-viaja;10;4;Masculino;2;Soltero;6230;7;NO;4;16;14;3;1;10
35;NO;Ocasional;1;2;Masculino;2;Casado;4717;9;NO;3;15;11;9;6;9
40;NO;Ocasional;6;2;Femenino;4;Soltero;13237;7;NO;3;22;20;6;5;13
39;NO;Frecuentemente;8;3;Femenino;1;Casado;3755;1;NO;1;8;8;3;0;7
31;NO;Ocasional;2;2;Masculino;2;Soltero;6582;4;SI;3;10;6;5;0;5
42;NO;Ocasional;24;4;Masculino;3;Casado;7406;1;SI;4;10;10;9;5;8
45;NO;Ocasional;2;4;Masculino;2;Casado;4805;0;NO;2;9;8;7;3;7
26;SI;Frecuentemente;17;2;Femenino;1;Divorciado;2741;0;SI;2;8;7;7;1;0
29;NO;Ocasional;19;4;Masculino;2;Divorciado;4262;4;NO;2;8;3;2;1;2
33;NO;Ocasional;1;1;Femenino;4;Divorciado;16184;4;NO;3;10;6;1;0;5
31;NO;Ocasional;7;3;Masculino;3;Divorciado;11557;9;NO;3;10;5;4;0;1
18;SI;Frecuentemente;5;2;Masculino;1;Soltero;1878;1;SI;4;0;0;0;0;0
40;NO;No-viaja;28;3;Masculino;3;Divorciado;10932;3;NO;3;20;1;0;0;1
41;NO;No-viaja;2;1;Femenino;2;Soltero;6811;2;SI;1;10;8;7;0;7
26;NO;Ocasional;29;1;Masculino;2;Divorciado;4306;5;NO;1;8;0;0;0;0
35;NO;Ocasional;1;1;Femenino;2;Soltero;4859;1;NO;4;5;5;4;0;3
34;NO;Ocasional;21;4;Masculino;2;Soltero;5337;1;NO;4;10;10;7;5;7
26;SI;Ocasional;24;3;Masculino;1;Soltero;2340;1;SI;2;1;1;0;0;0
37;NO;Ocasional;1;2;Femenino;3;Soltero;7491;4;NO;4;12;6;5;1;2
46;NO;Frecuentemente;18;1;Femenino;3;Casado;10527;5;NO;4;28;2;2;1;2
41;NO;Ocasional;2;2;Femenino;4;Casado;16595;7;NO;2;22;18;16;11;8
37;NO;No-viaja;9;1;Masculino;3;Divorciado;8834;1;NO;4;9;9;5;7;7
52;NO;Ocasional;6;4;Masculino;2;Divorciado;5577;3;SI;2;18;10;9;6;9
32;SI;No-viaja;11;4;Masculino;2;Casado;4707;8;NO;4;6;4;2;1;2
24;NO;Frecuentemente;24;4;Masculino;1;Casado;2400;0;NO;3;3;2;2;2;1
38;NO;Ocasional;10;3;Femenino;2;Casado;9824;3;NO;3;18;1;0;0;0
37;NO;Ocasional;1;2;Femenino;2;Casado;6447;6;NO;2;8;6;5;4;3
49;NO;Ocasional;18;4;Masculino;5;Divorciado;19502;1;SI;3;31;31;9;0;9
24;NO;Ocasional;23;2;Masculino;1;Casado;2725;1;SI;2;6;6;5;1;4
26;NO;Ocasional;28;1;Masculino;2;Casado;6272;1;NO;4;6;5;3;1;4
24;NO;Ocasional;17;4;Masculino;1;Casado;2127;1;NO;4;1;1;0;0;0
50;NO;Frecuentemente;3;1;Masculino;5;Casado;18200;1;NO;3;32;32;5;10;7
25;NO;Ocasional;13;2;Masculino;1;Casado;2096;1;NO;3;7;7;4;0;6
24;SI;Frecuentemente;7;1;Femenino;1;Casado;2886;1;SI;4;6;6;3;1;2
30;SI;Frecuentemente;12;2;Masculino;1;Casado;2033;1;NO;3;1;1;0;0;0
34;NO;Ocasional;1;2;Masculino;1;Casado;3622;1;SI;4;6;6;5;1;3
31;SI;Ocasional;13;2;Masculino;2;Divorciado;4233;2;NO;3;9;3;1;1;2
35;NO;Ocasional;25;1;Masculino;2;Soltero;3681;4;NO;4;9;3;2;0;2
31;NO;Ocasional;6;1;Masculino;2;Divorciado;5460;4;NO;4;13;7;7;5;7
27;NO;Ocasional;6;1;Femenino;1;Divorciado;2187;0;NO;3;6;5;3;0;3
37;NO;Ocasional;2;4;Masculino;2;Casado;9602;4;SI;3;17;3;0;1;0
20;NO;Ocasional;1;4;Femenino;1;Soltero;2836;1;NO;4;1;1;0;0;0
42;NO;Ocasional;2;3;Femenino;2;Casado;4089;1;NO;2;10;10;2;2;2
43;NO;Ocasional;6;2;Masculino;4;Divorciado;16627;4;SI;3;21;1;0;0;0
38;NO;Ocasional;1;3;Femenino;1;Soltero;2619;3;NO;4;8;0;0;0;0
43;NO;Frecuentemente;9;4;Masculino;2;Divorciado;5679;3;SI;2;10;8;7;4;7
48;NO;Ocasional;1;4;Femenino;4;Casado;15402;7;NO;1;21;3;2;0;2
44;NO;Ocasional;1;1;Femenino;2;Soltero;5985;4;NO;2;10;2;2;0;2
34;NO;Ocasional;14;3;Femenino;1;Divorciado;2579;1;SI;4;8;8;2;0;6
27;SI;Ocasional;2;3;Masculino;1;Divorciado;3041;0;NO;2;5;4;3;0;2
21;NO;Ocasional;22;3;Masculino;1;Soltero;3447;1;NO;3;3;3;2;1;2
44;NO;Ocasional;3;4;Masculino;5;Casado;19513;4;SI;1;26;2;2;0;1
22;NO;Ocasional;6;1;Masculino;1;Casado;2773;0;NO;4;3;2;2;2;2
33;NO;Ocasional;8;3;Masculino;2;Divorciado;7104;0;NO;4;6;5;0;1;2
32;NO;Ocasional;9;1;Femenino;2;Casado;6322;1;SI;4;6;6;4;0;5
30;NO;Frecuentemente;3;3;Femenino;1;Divorciado;2083;1;NO;3;1;1;0;0;0
53;NO;Ocasional;1;4;Femenino;2;Soltero;8381;7;NO;4;18;14;7;8;10
34;NO;Ocasional;1;2;Masculino;1;Casado;2691;1;NO;4;10;10;9;8;8
45;SI;Frecuentemente;26;1;Femenino;2;Casado;4286;2;NO;4;5;1;1;0;0
26;NO;Ocasional;6;3;Femenino;1;Casado;2659;1;SI;3;3;3;2;0;2
37;NO;Ocasional;3;3;Masculino;3;Casado;9434;1;NO;3;10;10;7;7;8
29;NO;Ocasional;3;2;Femenino;2;Casado;5561;1;NO;1;6;6;0;1;2
35;NO;Ocasional;6;2;Masculino;2;Soltero;6646;1;NO;2;17;17;11;11;8
33;NO;Frecuentemente;6;3;Masculino;2;Divorciado;7725;3;NO;3;15;13;11;4;7
54;NO;Ocasional;19;3;Masculino;3;Casado;10725;2;NO;3;16;9;7;7;1
36;NO;Ocasional;9;2;Masculino;2;Divorciado;8847;2;SI;3;13;3;2;0;2
27;NO;Ocasional;3;1;Masculino;1;Soltero;2045;0;NO;4;5;4;2;1;1
20;SI;Ocasional;10;4;Masculino;1;Soltero;1009;1;SI;4;1;1;0;1;1
33;SI;Frecuentemente;3;1;Masculino;1;Soltero;3348;1;SI;1;10;10;8;9;7
35;NO;No-viaja;3;3;Masculino;1;Casado;1281;1;NO;3;1;1;0;0;0
23;NO;Ocasional;4;1;Masculino;1;Casado;2819;2;NO;1;5;3;2;0;2
25;NO;Ocasional;8;4;Masculino;2;Casado;4851;0;NO;3;4;3;2;1;2
38;NO;Ocasional;7;4;Femenino;2;Soltero;4028;0;NO;1;8;7;7;0;5
29;NO;Frecuentemente;1;2;Masculino;1;Divorciado;2720;1;NO;4;10;10;7;2;8
48;NO;Ocasional;2;2;Masculino;2;Casado;8120;3;NO;4;12;2;2;2;2
27;NO;Frecuentemente;3;4;Femenino;2;Divorciado;4647;1;SI;2;6;6;5;0;4
37;NO;Ocasional;10;4;Masculino;1;Soltero;4680;3;NO;1;4;1;0;0;0
50;NO;Ocasional;28;4;Masculino;1;Casado;3221;1;SI;3;20;20;8;3;8
34;NO;Ocasional;9;4;Femenino;3;Soltero;8621;1;NO;2;9;8;7;7;7
24;SI;Ocasional;3;1;Femenino;2;Soltero;4577;9;NO;1;4;2;2;2;0
39;NO;Ocasional;2;4;Femenino;2;Soltero;4553;1;NO;1;20;20;7;11;10
32;NO;Ocasional;10;4;Masculino;2;Soltero;5396;1;NO;4;10;10;7;0;8
50;SI;Frecuentemente;8;2;Masculino;2;Casado;6796;3;SI;1;18;4;3;1;3
38;NO;Ocasional;1;2;Femenino;2;Soltero;7625;0;NO;3;10;9;7;1;8
27;NO;Ocasional;1;3;Femenino;3;Casado;7412;1;NO;4;9;9;7;0;7
32;NO;Ocasional;3;3;Femenino;3;Soltero;11159;3;NO;4;10;7;7;7;7
47;NO;Ocasional;14;4;Masculino;2;Soltero;4960;2;NO;4;20;7;7;1;7
40;NO;Frecuentemente;5;4;Masculino;3;Casado;10475;5;SI;3;20;18;13;1;12
53;NO;Ocasional;7;3;Masculino;4;Casado;14814;3;NO;3;32;5;1;1;3
41;NO;Ocasional;10;2;Masculino;5;Divorciado;19141;3;NO;2;23;21;6;12;6
60;NO;Ocasional;16;1;Masculino;2;Soltero;5405;8;NO;4;10;2;2;2;2
27;NO;Frecuentemente;10;4;Masculino;3;Divorciado;8793;1;NO;3;9;9;7;1;7
41;NO;Ocasional;1;4;Masculino;5;Casado;19189;1;NO;2;22;22;7;2;10
50;NO;Ocasional;8;4;Masculino;1;Casado;3875;7;NO;4;4;2;2;2;2
28;SI;Ocasional;1;1;Femenino;1;Soltero;2216;7;SI;4;10;7;7;3;7
36;NO;No-viaja;8;1;Femenino;3;Casado;11713;9;NO;1;10;8;7;0;5
38;NO;Ocasional;1;3;Femenino;3;Soltero;7861;4;SI;4;10;1;0;0;0
44;NO;No-viaja;24;1;Masculino;1;Soltero;3708;2;NO;3;9;5;2;1;4
47;NO;Frecuentemente;3;4;Femenino;4;Divorciado;13770;9;SI;4;28;22;2;11;13
30;NO;Ocasional;27;3;Masculino;2;Divorciado;5304;7;NO;4;10;8;7;7;7
29;NO;Ocasional;10;3;Masculino;1;Soltero;2642;1;NO;3;1;1;0;0;0
42;SI;Frecuentemente;19;3;Masculino;1;Divorciado;2759;6;SI;4;7;2;2;2;2
43;NO;Frecuentemente;15;4;Masculino;2;Casado;6804;3;NO;3;7;2;2;2;2
34;NO;Ocasional;8;2;Femenino;2;Soltero;6142;3;NO;4;10;5;1;4;3
23;NO;Ocasional;9;2;Masculino;1;Casado;2500;1;NO;4;5;4;3;0;2
39;NO;Ocasional;3;3;Femenino;2;Casado;6389;9;NO;3;12;8;3;3;6
56;NO;Ocasional;9;3;Masculino;4;Casado;11103;7;NO;3;30;10;7;1;1
40;NO;Ocasional;2;4;Femenino;1;Soltero;2342;0;SI;4;5;4;2;2;3
27;NO;Ocasional;7;4;Femenino;2;Soltero;6811;8;NO;1;9;7;6;0;7
29;NO;Ocasional;10;4;Masculino;1;Divorciado;2297;1;NO;4;2;2;2;2;2
53;NO;Ocasional;6;4;Masculino;2;Soltero;2450;2;NO;4;19;2;2;2;2
35;NO;No-viaja;2;4;Femenino;2;Divorciado;5093;2;NO;1;16;1;0;0;0
32;NO;Frecuentemente;24;1;Masculino;2;Casado;5309;1;NO;4;10;10;8;4;7
38;NO;Ocasional;2;4;Masculino;1;Casado;3057;6;SI;2;6;1;0;0;1
34;NO;Ocasional;8;2;Femenino;2;Divorciado;5121;3;NO;3;7;0;0;0;0
52;NO;Ocasional;3;3;Masculino;4;Casado;16856;1;NO;1;34;34;6;1;16
33;SI;Ocasional;1;4;Masculino;1;Soltero;2686;1;SI;3;10;10;9;7;8
25;NO;Ocasional;26;3;Femenino;2;Soltero;6180;1;NO;2;6;6;5;1;4
45;NO;Ocasional;2;2;Masculino;2;Soltero;6632;0;NO;1;9;8;7;3;1
23;NO;Ocasional;10;1;Masculino;1;Soltero;3505;1;NO;4;2;2;2;0;2
47;SI;Frecuentemente;27;2;Femenino;2;Soltero;6397;4;SI;4;8;5;4;1;3
34;NO;Ocasional;2;4;Masculino;2;Soltero;6274;1;NO;3;6;6;5;1;4
55;SI;Ocasional;2;4;Masculino;5;Casado;19859;5;SI;4;24;5;2;1;4
36;NO;No-viaja;8;1;Masculino;3;Soltero;7587;1;NO;2;10;10;7;0;9
52;NO;No-viaja;19;4;Masculino;1;Casado;4258;0;NO;1;5;4;3;1;2
26;NO;Frecuentemente;1;1;Femenino;1;Divorciado;4364;3;NO;1;5;2;2;2;0
29;NO;Ocasional;27;2;Femenino;2;Casado;4335;4;NO;1;11;8;7;1;1
26;SI;Ocasional;8;4;Masculino;2;Soltero;5326;6;NO;3;6;4;3;1;2
34;NO;Ocasional;1;2;Femenino;1;Soltero;3280;2;NO;3;10;4;2;1;3
54;NO;Ocasional;19;4;Femenino;2;Divorciado;5485;9;SI;2;9;5;3;1;4
27;NO;Frecuentemente;8;3;Masculino;2;Casado;4342;0;NO;2;5;4;2;1;1
37;NO;Ocasional;10;4;Femenino;1;Divorciado;2782;0;SI;2;6;5;3;4;3
38;NO;Frecuentemente;2;1;Femenino;2;Soltero;5980;6;SI;4;17;15;7;4;12
34;NO;Ocasional;2;3;Femenino;1;Soltero;4381;1;NO;3;6;6;5;1;3
35;NO;Ocasional;8;1;Femenino;1;Casado;2572;1;NO;2;3;3;2;0;2
30;NO;Ocasional;1;4;Masculino;1;Casado;3833;3;NO;3;7;2;2;0;2
40;NO;Frecuentemente;2;3;Femenino;2;Casado;4244;1;NO;4;8;8;7;3;7
34;NO;Ocasional;8;3;Femenino;2;Casado;6500;5;NO;2;6;3;2;1;2
42;NO;Frecuentemente;8;2;Masculino;5;Divorciado;18430;1;NO;2;24;24;7;14;9
23;SI;Ocasional;6;3;Masculino;1;Casado;1601;1;SI;3;1;0;0;0;0
24;NO;No-viaja;9;3;Masculino;1;Divorciado;2694;1;NO;3;1;1;0;0;0
52;NO;Ocasional;11;4;Femenino;2;Casado;3149;8;NO;2;9;5;2;1;4
50;NO;Ocasional;2;3;Masculino;4;Casado;17639;5;NO;4;30;4;3;0;3
29;SI;Ocasional;1;2;Femenino;1;Casado;2319;1;SI;4;1;1;0;0;0
33;NO;Ocasional;7;3;Masculino;3;Casado;11691;0;NO;4;14;13;9;3;7
33;SI;Ocasional;16;1;Femenino;2;Soltero;5324;5;NO;3;6;3;2;0;2
47;NO;Ocasional;2;3;Femenino;4;Casado;16752;1;SI;3;26;26;14;3;0
36;NO;Ocasional;1;3;Femenino;2;Casado;5228;0;NO;1;10;9;7;0;5
29;NO;Ocasional;23;3;Masculino;1;Casado;2700;1;NO;3;10;10;7;0;7
58;SI;Ocasional;2;4;Masculino;5;Soltero;19246;7;SI;4;40;31;15;13;8
35;NO;Ocasional;1;4;Femenino;1;Soltero;2506;3;NO;3;7;2;2;2;2
42;NO;Ocasional;1;4;Femenino;2;Casado;6062;9;SI;4;8;4;3;0;2
28;SI;Ocasional;2;3;Masculino;1;Soltero;4382;6;NO;4;5;2;2;2;1
36;NO;Ocasional;13;3;Masculino;1;Casado;2143;4;NO;2;8;5;2;0;4
32;NO;Ocasional;4;3;Femenino;2;Casado;6162;1;NO;3;14;14;13;6;8
40;NO;Frecuentemente;16;1;Masculino;2;Soltero;5094;6;NO;4;10;1;0;0;0
30;NO;Ocasional;2;3;Femenino;2;Soltero;6877;5;SI;2;12;0;0;0;0
45;NO;Ocasional;2;2;Femenino;1;Soltero;2274;1;NO;4;1;1;0;0;0
42;NO;Ocasional;29;2;Masculino;2;Casado;4434;1;NO;4;10;9;8;7;8
38;NO;Frecuentemente;12;1;Masculino;2;Divorciado;6288;2;NO;3;13;4;3;1;2
34;NO;Frecuentemente;16;3;Femenino;1;Soltero;2553;1;NO;3;6;5;2;1;3
49;SI;Ocasional;11;3;Femenino;3;Casado;7654;1;NO;1;9;9;8;7;7
55;SI;Ocasional;2;3;Masculino;2;Soltero;5160;4;NO;3;12;9;7;7;3
43;NO;Ocasional;14;2;Masculino;4;Casado;17159;6;NO;3;22;4;1;1;0
27;NO;Ocasional;5;3;Masculino;3;Divorciado;12808;1;SI;2;9;9;8;0;8
35;NO;Ocasional;7;3;Masculino;3;Soltero;10221;3;NO;2;17;8;5;1;6
28;NO;Ocasional;2;2;Femenino;2;Casado;4779;1;SI;1;8;8;7;7;5
34;NO;Ocasional;3;3;Masculino;1;Casado;3737;0;NO;3;4;3;2;0;2
26;SI;Frecuentemente;5;3;Femenino;1;Casado;2366;1;SI;1;8;8;7;1;7
27;NO;No-viaja;3;4;Masculino;1;Casado;1706;1;NO;3;0;0;0;0;0
51;NO;Ocasional;26;1;Femenino;4;Casado;16307;2;NO;3;29;20;6;4;17
44;NO;Ocasional;4;4;Masculino;2;Soltero;5933;9;NO;4;10;5;2;2;3
25;NO;Ocasional;2;1;Masculino;1;Soltero;3424;7;NO;3;6;4;3;0;1
33;NO;Ocasional;1;1;Masculino;2;Divorciado;4037;1;NO;1;9;9;8;0;8
35;NO;Ocasional;27;3;Femenino;1;Soltero;2559;1;NO;4;6;6;5;1;1
36;NO;Ocasional;1;2;Masculino;2;Casado;6201;1;SI;4;18;18;14;4;11
32;NO;Ocasional;13;2;Masculino;2;Divorciado;4403;2;NO;3;8;5;2;0;3
30;NO;Frecuentemente;5;2;Masculino;1;Divorciado;3761;9;NO;2;10;5;4;0;3
53;NO;Ocasional;7;1;Femenino;3;Casado;10934;7;SI;4;35;5;2;0;4
45;NO;Ocasional;9;4;Masculino;3;Divorciado;10761;4;SI;3;18;5;4;0;2
32;NO;Ocasional;8;3;Femenino;2;Casado;5175;5;NO;3;9;5;3;1;3
52;NO;Frecuentemente;25;3;Femenino;4;Casado;13826;3;NO;3;31;9;8;0;0
37;NO;Ocasional;16;4;Masculino;2;Divorciado;6334;4;NO;4;9;1;0;0;0
28;NO;Ocasional;8;2;Masculino;1;Divorciado;4936;1;NO;4;6;5;1;0;4
22;NO;Ocasional;1;4;Masculino;2;Casado;4775;6;NO;1;4;2;2;2;2
44;NO;Ocasional;8;1;Masculino;1;Casado;2818;2;SI;3;10;3;2;0;2
42;NO;Frecuentemente;2;2;Masculino;1;Soltero;2515;5;SI;4;8;2;1;2;2
36;NO;Ocasional;8;1;Masculino;1;Casado;2342;0;NO;3;6;5;4;0;3
25;NO;Ocasional;3;3;Masculino;2;Casado;4194;1;SI;4;5;5;3;0;3
35;NO;Ocasional;9;4;Femenino;3;Casado;10685;1;SI;2;17;17;14;5;15
35;SI;Frecuentemente;25;4;Femenino;1;Divorciado;2022;1;SI;1;10;10;2;7;8
32;NO;No-viaja;1;4;Masculino;1;Divorciado;2314;0;NO;2;4;3;0;0;2
25;NO;Ocasional;4;3;Masculino;2;Casado;4256;1;NO;1;5;5;2;0;3
49;NO;Ocasional;1;3;Femenino;1;Casado;3580;2;NO;2;7;4;2;0;2
24;NO;No-viaja;4;1;Masculino;1;Casado;3162;0;NO;4;6;5;2;3;4
32;NO;Frecuentemente;5;2;Masculino;2;Casado;6524;1;NO;4;10;10;8;5;3
38;NO;Ocasional;9;2;Masculino;1;Casado;2899;0;NO;4;3;2;2;1;2
42;NO;Ocasional;3;3;Femenino;2;Casado;5231;2;SI;2;17;5;3;1;3
31;NO;Ocasional;11;4;Masculino;1;Casado;2356;3;SI;2;8;6;4;0;2
29;SI;Ocasional;1;2;Femenino;1;Divorciado;2800;6;SI;3;5;3;2;0;2
53;NO;Ocasional;8;1;Masculino;4;Casado;11836;5;NO;3;28;2;0;2;2
35;NO;Ocasional;25;4;Masculino;3;Casado;10903;3;NO;1;16;13;10;4;8
37;NO;Frecuentemente;21;3;Femenino;1;Casado;2973;5;NO;2;10;5;4;0;0
53;NO;Ocasional;23;4;Femenino;4;Soltero;14275;6;NO;3;33;12;9;3;8
43;NO;Frecuentemente;1;4;Femenino;2;Casado;5562;4;NO;2;12;5;2;2;2
47;NO;Ocasional;2;3;Femenino;2;Casado;4537;0;SI;1;8;7;6;7;7
37;NO;No-viaja;19;1;Masculino;3;Soltero;7642;1;SI;4;10;10;0;0;9
50;NO;No-viaja;2;1;Masculino;4;Divorciado;17924;1;NO;4;31;31;6;14;7
39;NO;Ocasional;2;4;Femenino;2;Casado;5204;8;NO;3;13;5;4;0;4
33;NO;Ocasional;3;4;Masculino;1;Divorciado;2277;3;SI;3;7;4;3;0;3
32;SI;Ocasional;25;1;Masculino;1;Soltero;2795;1;SI;3;1;1;0;0;1
29;NO;Ocasional;7;1;Femenino;1;Divorciado;2532;6;NO;3;8;4;3;0;3
44;NO;Ocasional;9;2;Masculino;1;Casado;2559;1;SI;4;8;8;7;7;1
28;NO;Ocasional;5;1;Masculino;2;Soltero;4908;1;NO;2;4;4;2;0;2
58;SI;Frecuentemente;2;4;Masculino;1;Divorciado;2380;9;SI;4;3;1;0;0;0
43;NO;Ocasional;8;1;Femenino;2;Divorciado;4765;4;NO;3;4;1;0;0;0
20;SI;Ocasional;2;3;Femenino;1;Soltero;2044;1;NO;4;2;2;2;0;2
21;SI;Ocasional;18;4;Femenino;1;Soltero;2693;1;NO;1;1;1;0;0;0
36;NO;Ocasional;14;3;Masculino;2;Casado;6586;0;SI;1;17;16;8;4;11
47;NO;Ocasional;2;4;Femenino;1;Soltero;3294;1;SI;1;3;3;2;1;2
22;SI;Ocasional;3;2;Femenino;2;Casado;4171;0;SI;1;4;3;2;0;2
41;SI;Ocasional;2;2;Femenino;1;Divorciado;2778;4;SI;3;10;7;7;1;0
28;NO;Ocasional;9;3;Femenino;1;Divorciado;2377;5;NO;2;6;2;2;2;2
39;SI;Ocasional;6;4;Masculino;1;Casado;2404;7;SI;4;8;2;2;2;2
27;NO;Ocasional;4;2;Femenino;1;Soltero;2318;1;NO;3;1;1;1;0;0
34;NO;Ocasional;10;2;Masculino;1;Divorciado;2008;1;NO;2;1;1;0;1;0
42;NO;Ocasional;14;3;Femenino;2;Soltero;6244;7;NO;1;10;5;4;0;3
33;NO;Ocasional;1;3;Masculino;1;Soltero;2799;3;SI;2;6;3;2;0;2
58;NO;Ocasional;5;3;Femenino;3;Divorciado;10552;2;SI;4;24;6;0;0;4
31;NO;Ocasional;7;2;Masculino;1;Casado;2329;3;NO;2;13;7;7;5;2
35;NO;Ocasional;21;4;Femenino;2;Casado;4014;1;SI;4;10;10;6;0;7
49;NO;Ocasional;8;1;Femenino;3;Casado;7403;4;NO;3;29;26;9;1;7
48;NO;Ocasional;20;4;Masculino;1;Casado;2259;4;NO;1;13;0;0;0;0
31;NO;No-viaja;20;4;Femenino;2;Casado;6932;1;NO;4;9;9;8;0;0
36;NO;Ocasional;7;2;Masculino;1;Soltero;4678;2;NO;3;8;6;2;0;1
38;NO;Ocasional;1;4;Femenino;3;Casado;13582;1;NO;2;15;15;12;5;11
32;NO;No-viaja;1;3;Femenino;1;Casado;2332;6;NO;3;5;3;0;0;2
25;SI;Ocasional;19;3;Masculino;1;Casado;2413;1;SI;3;1;1;0;0;0
40;NO;Ocasional;10;1;Masculino;3;Divorciado;9705;2;NO;2;11;1;0;0;0
26;NO;Frecuentemente;1;3;Masculino;2;Soltero;4294;1;NO;2;7;7;7;0;7
41;NO;Ocasional;6;4;Masculino;1;Soltero;4721;2;SI;3;20;18;13;2;17
36;NO;Ocasional;2;3;Masculino;1;Soltero;2519;4;NO;3;16;11;8;3;9
19;SI;Ocasional;21;4;Masculino;1;Soltero;2121;1;SI;2;1;1;0;0;0
20;SI;Ocasional;4;1;Masculino;1;Soltero;2973;1;NO;2;1;1;0;0;0
31;NO;Ocasional;12;4;Femenino;2;Casado;5855;0;SI;3;10;9;7;8;5
40;NO;Frecuentemente;9;4;Masculino;1;Divorciado;3617;8;SI;4;3;1;1;0;0
32;NO;Ocasional;3;3;Femenino;2;Casado;6725;1;NO;3;8;8;7;6;3
36;SI;Ocasional;3;3;Masculino;3;Casado;10325;1;SI;1;16;16;7;3;7
33;NO;Ocasional;1;2;Femenino;2;Soltero;6949;0;NO;1;6;5;0;1;4
37;SI;Ocasional;1;1;Masculino;3;Casado;10609;5;NO;3;17;14;1;11;7
45;NO;No-viaja;4;3;Masculino;2;Casado;4447;1;NO;2;9;9;7;0;8
29;NO;Frecuentemente;20;3;Femenino;1;Casado;2157;1;NO;2;3;3;1;0;2
35;NO;Ocasional;18;3;Femenino;2;Casado;4601;1;NO;2;5;5;2;1;0
52;NO;Ocasional;1;4;Masculino;4;Casado;17099;2;NO;2;26;9;8;7;8
58;SI;Ocasional;2;4;Masculino;1;Soltero;2479;4;NO;1;7;1;0;0;0
53;NO;Ocasional;2;3;Masculino;4;Divorciado;14852;6;NO;3;22;17;13;15;2
30;NO;Ocasional;8;3;Masculino;3;Divorciado;7264;5;NO;1;10;8;4;7;7
38;NO;No-viaja;10;3;Femenino;2;Soltero;5666;1;SI;2;6;5;3;1;3
35;NO;Ocasional;3;4;Masculino;3;Divorciado;7823;6;NO;2;12;10;9;0;8
39;NO;Ocasional;2;1;Masculino;3;Soltero;7880;0;NO;4;9;8;7;0;7
40;SI;No-viaja;24;2;Femenino;4;Soltero;13194;4;SI;4;22;1;0;0;0
47;NO;Frecuentemente;16;3;Masculino;2;Divorciado;5067;1;SI;3;20;19;10;2;7
36;NO;No-viaja;8;1;Masculino;2;Divorciado;5079;4;NO;4;12;7;7;0;7
31;SI;No-viaja;9;3;Masculino;1;Soltero;2321;0;SI;1;4;3;2;1;2
33;NO;No-viaja;17;4;Masculino;4;Soltero;17444;1;NO;4;10;10;8;6;0
29;SI;Ocasional;10;4;Femenino;1;Soltero;2404;6;SI;3;3;0;0;0;0
33;NO;Ocasional;13;2;Femenino;1;Soltero;3452;3;NO;1;5;3;2;0;2
45;NO;Ocasional;1;4;Femenino;1;Divorciado;2270;3;NO;4;8;5;3;0;2
50;NO;Ocasional;1;4;Masculino;4;Divorciado;17399;9;NO;3;32;5;4;1;3
33;NO;Frecuentemente;1;3;Femenino;2;Casado;5488;1;SI;1;6;6;5;1;2
41;NO;Frecuentemente;9;1;Masculino;5;Divorciado;19419;2;NO;2;21;18;16;0;11
27;NO;Ocasional;16;3;Femenino;1;Casado;2811;9;NO;2;4;2;2;2;2
45;NO;No-viaja;23;4;Masculino;2;Casado;3633;1;SI;3;9;9;8;0;8
47;NO;Ocasional;4;4;Femenino;2;Soltero;4163;1;SI;3;9;9;0;0;7
30;SI;Ocasional;22;1;Femenino;1;Casado;2132;4;SI;2;7;5;2;0;1
50;NO;Ocasional;24;4;Masculino;4;Casado;13973;3;SI;4;22;12;11;1;5
38;NO;Frecuentemente;10;3;Masculino;1;Casado;2684;0;NO;2;3;2;1;0;2
46;NO;Ocasional;7;4;Masculino;3;Divorciado;10845;6;NO;2;13;8;7;0;7
24;NO;Ocasional;17;4;Femenino;2;Divorciado;4377;1;NO;2;5;4;2;3;2
35;SI;Ocasional;14;3;Masculino;1;Divorciado;3743;1;SI;4;5;4;2;0;2
31;NO;Frecuentemente;1;3;Femenino;2;Casado;4148;1;NO;3;4;4;3;0;3
18;NO;No-viaja;5;2;Masculino;1;Soltero;1051;1;NO;4;0;0;0;0;0
54;NO;Ocasional;17;3;Femenino;3;Casado;10739;8;NO;3;22;10;7;0;8
35;NO;Ocasional;25;3;Femenino;3;Divorciado;10388;1;SI;3;16;16;10;10;1
30;NO;Ocasional;8;2;Femenino;3;Casado;11416;0;SI;3;9;8;7;1;7
20;SI;Ocasional;11;4;Femenino;1;Soltero;2600;1;SI;1;1;1;0;0;0
30;SI;Frecuentemente;5;2;Femenino;1;Soltero;2422;0;NO;1;4;3;2;1;2
26;NO;Ocasional;2;4;Masculino;2;Casado;5472;1;NO;2;8;8;7;1;3
22;NO;Ocasional;8;2;Masculino;1;Casado;2451;1;NO;1;4;4;3;1;1
48;NO;Ocasional;6;1;Masculino;2;Soltero;4240;2;NO;4;19;2;2;2;2
48;NO;Ocasional;4;3;Masculino;3;Soltero;10999;7;NO;2;27;15;11;4;8
41;NO;Ocasional;7;4;Femenino;2;Soltero;5003;6;NO;2;8;2;2;2;1
39;NO;Ocasional;1;4;Femenino;4;Casado;12742;1;NO;3;21;21;6;11;8
27;NO;Ocasional;2;1;Femenino;2;Casado;4227;0;NO;2;4;3;2;2;2
35;NO;Ocasional;10;2;Masculino;1;Divorciado;3917;1;NO;1;3;3;2;1;2
42;NO;Ocasional;5;4;Masculino;5;Casado;18303;6;NO;2;21;1;0;0;0
50;NO;Ocasional;9;1;Masculino;1;Casado;2380;4;NO;2;8;1;0;0;0
59;NO;Ocasional;2;3;Femenino;4;Soltero;13726;3;SI;1;30;5;3;4;3
37;SI;Ocasional;11;1;Femenino;2;Casado;4777;5;NO;1;15;1;0;0;0
55;NO;Frecuentemente;18;3;Masculino;2;Casado;6385;3;SI;4;17;8;7;6;7
41;NO;No-viaja;7;2;Femenino;5;Divorciado;19973;1;NO;2;21;21;16;5;10
38;NO;Ocasional;3;2;Masculino;2;Soltero;6861;8;SI;3;19;1;0;0;0
26;SI;No-viaja;29;2;Masculino;2;Soltero;4969;8;NO;4;7;2;2;2;2
52;SI;Ocasional;2;1;Femenino;5;Casado;19845;1;NO;4;33;32;14;6;9
44;NO;Ocasional;28;4;Femenino;4;Casado;13320;3;SI;3;23;12;11;11;11
50;NO;No-viaja;1;4;Femenino;2;Casado;6347;0;NO;1;19;18;7;0;13
36;SI;Ocasional;16;3;Femenino;1;Soltero;2743;1;NO;3;18;17;13;15;14
39;NO;Frecuentemente;22;4;Femenino;3;Soltero;10880;1;SI;3;21;21;6;2;8
33;NO;No-viaja;8;2;Femenino;1;Soltero;2342;0;NO;4;3;2;2;2;2
45;NO;Ocasional;11;4;Femenino;4;Casado;17650;3;NO;2;26;9;3;1;1
32;NO;No-viaja;29;4;Femenino;1;Soltero;4025;9;NO;2;10;8;7;7;7
34;NO;Ocasional;1;2;Masculino;2;Divorciado;9725;0;NO;4;16;15;1;0;9
59;NO;Ocasional;1;2;Masculino;3;Casado;11904;3;SI;3;14;6;4;0;4
45;NO;Ocasional;24;2;Masculino;1;Soltero;2177;1;NO;1;6;6;3;0;4
53;NO;Frecuentemente;2;3;Femenino;3;Casado;7525;2;NO;1;30;15;7;6;12
36;SI;Ocasional;15;1;Masculino;2;Divorciado;4834;7;NO;2;9;1;0;0;0
26;SI;Frecuentemente;2;1;Masculino;1;Casado;2042;6;SI;2;6;3;2;1;2
34;NO;Ocasional;10;3;Femenino;1;Casado;2220;1;SI;4;1;1;1;0;0
28;NO;Ocasional;10;4;Masculino;1;Casado;1052;1;NO;2;1;1;0;0;0
38;NO;Frecuentemente;3;3;Masculino;1;Casado;2821;3;NO;1;8;2;2;2;2
50;NO;Ocasional;2;2;Masculino;5;Casado;19237;2;SI;4;29;8;1;7;7
37;NO;Ocasional;3;4;Femenino;2;Soltero;4107;3;NO;1;8;4;3;0;1
40;NO;Ocasional;26;3;Masculino;2;Casado;8396;1;NO;2;8;7;7;7;5
26;NO;Frecuentemente;1;1;Femenino;1;Divorciado;2007;1;NO;3;5;5;3;1;3
46;NO;Ocasional;1;4;Masculino;5;Divorciado;19627;9;NO;4;23;2;2;2;2
54;NO;Ocasional;2;3;Femenino;3;Casado;10686;6;NO;2;13;9;4;7;0
56;NO;Frecuentemente;9;1;Femenino;1;Casado;2942;2;NO;2;18;5;4;0;3
36;NO;Ocasional;12;4;Femenino;3;Soltero;8858;0;NO;2;15;14;8;7;8
55;NO;No-viaja;2;3;Masculino;4;Soltero;16756;7;NO;2;31;9;7;6;2
43;NO;Ocasional;25;3;Masculino;3;Divorciado;10798;5;NO;3;18;1;0;0;0
20;SI;Frecuentemente;9;4;Femenino;1;Soltero;2323;1;SI;2;2;2;2;0;2
21;SI;Ocasional;10;3;Femenino;1;Soltero;1416;1;NO;1;1;1;0;1;0
46;NO;Ocasional;8;4;Femenino;2;Divorciado;4615;8;SI;1;19;16;13;1;7
51;SI;Ocasional;4;1;Masculino;1;Casado;2461;9;SI;3;18;10;0;2;7
28;SI;No-viaja;24;2;Masculino;3;Soltero;8722;1;NO;1;10;10;7;1;9
26;NO;Ocasional;1;1;Masculino;1;Casado;3955;1;NO;1;6;5;3;1;3
30;NO;Ocasional;20;3;Masculino;2;Casado;9957;0;NO;3;7;6;2;0;2
41;NO;Ocasional;7;2;Femenino;1;Casado;3376;1;NO;3;10;10;6;0;8
38;NO;Ocasional;17;3;Femenino;3;Casado;8823;0;NO;1;20;19;9;1;9
40;NO;Ocasional;20;1;Masculino;3;Casado;10322;4;NO;4;14;11;10;11;1
27;NO;No-viaja;8;1;Masculino;1;Casado;4621;1;NO;4;3;3;2;1;2
55;NO;Frecuentemente;2;4;Masculino;3;Casado;10976;3;NO;2;23;3;2;1;2
28;NO;Ocasional;10;3;Femenino;2;Soltero;3660;3;NO;4;10;8;7;1;7
44;SI;Ocasional;1;2;Masculino;3;Casado;10482;9;NO;4;24;20;6;3;6
33;NO;Ocasional;5;4;Masculino;3;Divorciado;7119;4;NO;3;9;3;2;1;2
35;SI;Ocasional;4;4;Masculino;3;Soltero;9582;0;SI;1;9;8;7;4;7
33;SI;Frecuentemente;29;1;Femenino;2;Soltero;4508;1;NO;2;14;13;7;3;8
28;NO;Ocasional;15;1;Masculino;1;Divorciado;2207;1;NO;4;4;4;2;2;2
34;NO;Frecuentemente;3;1;Masculino;2;Soltero;7756;0;NO;3;7;6;2;0;4
37;NO;Ocasional;10;4;Femenino;2;Divorciado;6694;2;SI;3;8;1;0;0;0
25;SI;Ocasional;4;4;Masculino;1;Casado;3691;1;SI;2;7;7;7;5;6
26;SI;Ocasional;21;1;Masculino;1;Divorciado;2377;1;NO;3;1;1;1;0;0
33;SI;Ocasional;25;1;Masculino;1;Soltero;2313;4;SI;2;5;2;2;2;2
42;NO;Ocasional;2;4;Masculino;4;Casado;17665;0;NO;4;23;22;6;13;7
28;SI;Frecuentemente;1;1;Masculino;1;Divorciado;2596;1;NO;1;1;1;0;0;0
50;SI;Frecuentemente;1;4;Masculino;2;Soltero;4728;3;SI;4;5;0;0;0;0
33;NO;Frecuentemente;7;4;Femenino;2;Casado;4302;0;NO;3;4;3;2;0;2
34;NO;No-viaja;3;3;Masculino;1;Casado;2979;3;NO;4;6;0;0;0;0
48;NO;No-viaja;1;1;Masculino;4;Soltero;16885;2;NO;3;27;5;4;2;1
45;NO;No-viaja;9;2;Femenino;2;Casado;5593;1;NO;4;15;15;10;4;12
52;NO;Ocasional;7;2;Masculino;3;Soltero;10445;7;NO;4;18;8;6;4;0
38;NO;Ocasional;10;3;Masculino;3;Divorciado;8740;0;SI;2;9;8;7;2;7
29;NO;Ocasional;28;3;Femenino;1;Divorciado;2514;4;NO;1;11;7;5;1;7
28;NO;Ocasional;3;4;Femenino;3;Divorciado;7655;0;NO;2;10;9;7;1;7
46;NO;Ocasional;3;1;Masculino;4;Casado;17465;3;NO;4;23;12;9;4;9
38;NO;Ocasional;2;4;Masculino;3;Soltero;7351;7;NO;3;10;1;0;0;0
43;NO;Frecuentemente;27;3;Femenino;3;Casado;10820;8;NO;3;18;8;7;0;1
39;SI;Frecuentemente;2;1;Masculino;4;Divorciado;12169;7;NO;4;21;18;7;11;5
40;NO;Ocasional;14;3;Masculino;5;Soltero;19626;1;NO;1;21;20;7;4;9
21;NO;Ocasional;1;4;Femenino;1;Soltero;2070;1;SI;3;2;2;2;2;2
39;NO;No-viaja;9;3;Masculino;2;Soltero;6782;9;NO;3;9;5;4;0;3
36;NO;No-viaja;18;1;Masculino;2;Soltero;7779;2;NO;1;18;11;9;0;9
31;NO;Frecuentemente;20;3;Masculino;1;Casado;2791;0;NO;1;3;2;2;2;2
28;NO;Ocasional;2;1;Masculino;1;Casado;3201;0;NO;1;6;5;3;0;4
35;NO;Frecuentemente;11;4;Masculino;2;Divorciado;4968;1;NO;4;5;5;2;0;2
49;NO;Ocasional;8;4;Masculino;4;Casado;13120;6;NO;2;22;9;8;2;3
34;NO;Frecuentemente;2;4;Masculino;2;Soltero;4033;2;NO;4;5;3;2;0;2
29;NO;Frecuentemente;10;4;Femenino;1;Divorciado;3291;0;NO;4;8;7;5;1;1
42;NO;Ocasional;29;2;Masculino;2;Soltero;4272;4;NO;1;16;1;0;0;0
29;NO;Ocasional;8;2;Masculino;2;Casado;5056;1;SI;3;10;10;7;1;2
38;NO;Ocasional;1;3;Masculino;1;Casado;2844;1;NO;4;7;7;6;5;0
28;NO;Frecuentemente;6;3;Masculino;1;Divorciado;2703;1;SI;4;3;3;1;0;2
18;SI;No-viaja;8;3;Masculino;1;Soltero;1904;1;NO;4;0;0;0;0;0
33;SI;Ocasional;9;1;Femenino;2;Soltero;8224;0;SI;1;6;5;2;0;3
41;NO;Ocasional;12;2;Masculino;1;Casado;4766;3;SI;1;6;1;0;0;0
31;SI;Frecuentemente;15;3;Masculino;1;Casado;2610;1;NO;3;2;2;2;2;2
37;NO;Ocasional;25;3;Femenino;2;Divorciado;5731;7;NO;3;9;6;2;1;3
27;NO;Ocasional;6;4;Masculino;1;Casado;2539;1;NO;3;4;4;2;2;2
34;NO;Ocasional;9;2;Femenino;2;Casado;5714;1;NO;1;6;6;5;1;3
35;NO;Ocasional;8;3;Masculino;1;Soltero;4323;1;NO;2;6;5;4;1;4
29;SI;Ocasional;23;4;Femenino;3;Casado;7336;1;NO;1;11;11;8;3;10
40;NO;Frecuentemente;9;2;Femenino;3;Soltero;13499;9;NO;3;20;18;7;2;13
42;SI;Frecuentemente;12;3;Masculino;4;Soltero;13758;0;SI;2;22;21;9;13;14
42;NO;Ocasional;4;2;Masculino;2;Soltero;5155;7;NO;4;9;6;4;1;5
35;NO;Ocasional;1;4;Masculino;1;Casado;2258;6;NO;2;10;8;0;1;7
24;NO;Ocasional;24;4;Masculino;1;Soltero;3597;8;NO;4;6;4;3;1;2
28;SI;Ocasional;12;3;Femenino;1;Casado;2515;1;SI;4;1;1;1;0;0
26;NO;Ocasional;3;1;Masculino;1;Casado;4420;1;NO;2;8;8;7;0;7
30;NO;Ocasional;10;3;Masculino;2;Casado;6578;1;NO;1;10;10;3;1;4
40;NO;Frecuentemente;26;3;Femenino;2;Casado;4422;3;SI;4;16;1;1;0;0
35;NO;Ocasional;2;3;Masculino;3;Divorciado;10274;2;NO;2;15;7;7;6;4
34;NO;Frecuentemente;1;4;Masculino;2;Soltero;5343;0;NO;3;14;13;9;4;9
35;NO;Frecuentemente;4;4;Masculino;1;Casado;2376;1;NO;2;2;2;2;2;2
43;SI;Ocasional;9;1;Femenino;2;Soltero;5346;8;NO;2;7;4;3;1;3
32;NO;No-viaja;2;3;Femenino;1;Divorciado;2827;1;NO;3;1;1;0;0;0
56;NO;Ocasional;4;4;Femenino;5;Divorciado;19943;4;NO;4;28;5;2;4;2
29;NO;Ocasional;6;2;Femenino;1;Casado;3131;1;NO;1;10;10;8;0;8
19;NO;Ocasional;9;3;Masculino;1;Soltero;2552;1;NO;3;1;1;1;0;0
45;NO;Ocasional;7;1;Femenino;1;Casado;4477;4;SI;3;7;3;2;0;2
37;NO;Ocasional;1;4;Femenino;2;Casado;6474;1;NO;2;14;14;8;3;11
20;NO;Ocasional;3;1;Masculino;1;Soltero;3033;1;NO;1;2;2;2;1;2
44;SI;Ocasional;10;3;Masculino;1;Soltero;2936;1;SI;3;6;6;4;0;2
53;NO;Ocasional;7;4;Femenino;5;Divorciado;18606;3;NO;2;26;7;7;4;7
29;NO;Ocasional;15;2;Femenino;1;Casado;2168;0;SI;1;6;5;4;1;3
22;SI;Frecuentemente;3;3;Masculino;1;Casado;2853;0;SI;2;1;0;0;0;0
46;NO;Ocasional;2;3;Femenino;4;Casado;17048;8;NO;1;28;26;15;15;9
44;NO;No-viaja;17;4;Masculino;1;Soltero;2290;2;NO;4;6;0;0;0;0
33;NO;Ocasional;2;2;Masculino;1;Casado;3600;1;NO;4;5;5;4;1;4
41;SI;No-viaja;5;1;Masculino;1;Divorciado;2107;6;NO;1;5;1;0;0;0
30;NO;Ocasional;29;3;Masculino;2;Divorciado;4115;8;NO;3;8;4;3;0;3
40;NO;Frecuentemente;2;2;Masculino;2;Casado;4327;5;NO;4;5;0;0;0;0
50;NO;Frecuentemente;2;4;Femenino;4;Casado;17856;2;NO;3;32;2;2;2;2
28;NO;Ocasional;19;4;Masculino;1;Casado;3196;1;NO;3;6;6;5;3;3
46;NO;Ocasional;15;4;Masculino;5;Casado;19081;5;NO;1;25;4;2;0;3
35;NO;Ocasional;17;3;Masculino;2;Casado;8966;3;SI;4;15;7;7;1;7
24;SI;Ocasional;17;4;Femenino;1;Casado;2210;1;NO;1;1;1;0;0;0
33;NO;Frecuentemente;25;2;Femenino;2;Casado;4539;1;NO;1;10;10;7;0;1
36;NO;Ocasional;6;3;Masculino;1;Divorciado;2741;1;NO;3;7;7;7;1;7
30;NO;Ocasional;7;3;Masculino;2;Divorciado;3491;1;NO;1;10;10;7;8;9
44;NO;Ocasional;29;4;Masculino;2;Soltero;4541;1;NO;2;20;20;11;13;17
20;NO;Ocasional;21;3;Masculino;1;Soltero;2678;1;NO;4;2;2;1;2;2
46;NO;Ocasional;2;4;Masculino;2;Divorciado;7379;2;NO;3;12;6;3;1;4
42;NO;No-viaja;2;4;Masculino;2;Casado;6272;7;NO;1;10;4;3;0;3
60;NO;Ocasional;7;2;Masculino;2;Divorciado;5220;0;SI;2;12;11;7;1;9
32;NO;Frecuentemente;13;3;Femenino;1;Casado;2743;1;NO;3;2;2;2;2;2
32;NO;Frecuentemente;2;4;Femenino;2;Soltero;4998;4;SI;4;10;8;7;0;7
36;NO;Ocasional;1;3;Femenino;3;Divorciado;10252;2;SI;3;17;7;7;7;7
33;NO;Ocasional;9;1;Masculino;1;Casado;2781;0;NO;2;15;14;10;4;10
40;NO;Ocasional;10;2;Femenino;2;Divorciado;6852;7;NO;2;7;5;1;1;3
25;NO;Ocasional;10;3;Masculino;2;Soltero;4950;0;NO;2;5;4;3;1;1
30;NO;Ocasional;1;4;Masculino;1;Casado;3579;0;SI;1;12;11;9;5;7
42;NO;Frecuentemente;26;1;Femenino;3;Casado;13191;3;SI;3;20;1;0;0;0
35;NO;No-viaja;8;3;Femenino;3;Casado;10377;4;SI;2;16;13;2;4;12
27;NO;Ocasional;14;1;Masculino;1;Casado;2235;1;SI;4;9;9;7;6;8
54;NO;Frecuentemente;1;4;Femenino;3;Divorciado;10502;7;NO;1;33;5;4;1;4
44;NO;Ocasional;2;1;Femenino;1;Casado;2011;1;NO;4;10;10;5;7;7
19;SI;No-viaja;10;1;Femenino;1;Soltero;1859;1;SI;2;1;1;1;0;0
29;NO;Ocasional;1;1;Femenino;1;Divorciado;3760;1;NO;1;3;3;2;1;2
54;NO;Ocasional;3;4;Masculino;4;Casado;17779;3;NO;1;36;10;9;0;9
31;NO;Ocasional;11;3;Masculino;2;Casado;6833;1;SI;4;6;6;5;0;1
31;NO;Ocasional;24;3;Femenino;2;Soltero;6812;1;NO;2;10;10;9;1;8
59;NO;Ocasional;3;3;Femenino;2;Soltero;5171;5;NO;4;13;6;1;0;5
43;NO;Ocasional;3;3;Masculino;5;Casado;19740;3;NO;2;25;8;7;0;7
49;NO;Ocasional;4;1;Masculino;5;Casado;18711;2;NO;3;23;1;0;0;0
36;NO;Frecuentemente;3;3;Masculino;1;Casado;3692;1;NO;3;12;11;10;0;7
48;NO;Ocasional;2;4;Masculino;1;Soltero;2559;5;NO;3;7;1;0;0;0
27;NO;Ocasional;4;1;Masculino;1;Divorciado;2517;1;NO;2;5;5;3;0;3
29;NO;Ocasional;7;3;Masculino;2;Divorciado;6623;1;SI;2;6;6;0;1;0
48;NO;Ocasional;1;4;Masculino;5;Soltero;18265;6;NO;3;25;1;0;0;0
29;NO;Ocasional;1;4;Femenino;4;Divorciado;16124;3;NO;2;9;7;7;1;7
34;NO;Ocasional;20;3;Femenino;1;Casado;2585;0;NO;4;2;1;0;0;0
44;NO;Ocasional;5;2;Masculino;5;Casado;18213;7;NO;3;26;22;9;3;10
33;NO;Ocasional;10;4;Masculino;3;Divorciado;8380;0;SI;4;10;9;8;0;8
19;NO;Ocasional;25;2;Femenino;1;Soltero;2994;1;SI;4;1;1;0;0;1
23;NO;Ocasional;1;4;Masculino;1;Casado;1223;1;NO;4;1;1;0;0;1
25;SI;Frecuentemente;24;3;Masculino;1;Soltero;1118;1;SI;4;1;1;0;1;0
26;NO;Ocasional;4;3;Masculino;1;Soltero;2875;1;SI;2;8;8;5;2;2
45;SI;Ocasional;2;1;Femenino;5;Soltero;18824;2;SI;1;26;24;10;1;11
55;NO;No-viaja;8;4;Masculino;4;Divorciado;13577;1;SI;4;34;33;9;15;0
21;SI;Frecuentemente;10;1;Femenino;1;Soltero;2625;1;NO;3;2;2;2;2;2
46;NO;Ocasional;4;4;Femenino;5;Casado;18789;2;NO;3;26;11;4;0;8
34;NO;Ocasional;2;3;Femenino;2;Soltero;4538;0;SI;4;4;3;2;0;2
51;NO;Frecuentemente;9;4;Masculino;5;Divorciado;19847;4;SI;1;31;29;10;11;10
59;NO;Ocasional;18;4;Masculino;3;Soltero;10512;6;NO;4;25;9;7;5;4
34;NO;Frecuentemente;19;3;Femenino;2;Divorciado;4444;4;NO;3;15;11;8;5;10
28;NO;Frecuentemente;1;4;Masculino;1;Soltero;2154;0;SI;3;5;4;2;0;2
44;NO;Ocasional;4;3;Masculino;5;Divorciado;19190;1;NO;4;26;25;9;14;13
34;NO;Frecuentemente;11;3;Masculino;2;Casado;4490;4;NO;4;14;10;9;1;8
35;NO;Ocasional;6;3;Masculino;1;Casado;3506;0;SI;4;4;3;2;2;2
42;NO;Ocasional;7;2;Femenino;2;Casado;2372;6;SI;4;18;1;0;0;0
43;NO;Ocasional;4;4;Femenino;3;Soltero;10231;3;NO;4;23;21;7;15;17
36;NO;Ocasional;2;3;Femenino;2;Soltero;5410;9;SI;4;18;16;14;5;12
44;SI;Ocasional;15;1;Femenino;3;Casado;7978;1;NO;4;10;10;7;0;5
28;NO;Frecuentemente;2;4;Masculino;1;Casado;3867;1;SI;2;2;2;2;2;2
51;NO;Frecuentemente;6;2;Femenino;1;Soltero;2838;0;NO;2;8;7;0;7;7
30;NO;No-viaja;9;3;Femenino;2;Soltero;4695;7;SI;3;10;8;4;1;7
29;SI;Ocasional;7;2;Femenino;1;Divorciado;3339;3;SI;1;10;7;7;7;7
28;NO;Ocasional;1;4;Masculino;1;Soltero;2080;2;NO;2;5;3;2;1;2
25;NO;Ocasional;1;4;Femenino;1;Soltero;2096;1;NO;4;2;2;2;2;1
32;NO;Ocasional;8;3;Masculino;2;Casado;6209;1;NO;3;10;10;7;0;8
45;NO;Frecuentemente;25;2;Femenino;5;Soltero;18061;3;NO;3;22;0;0;0;0
39;NO;Ocasional;13;3;Femenino;4;Divorciado;17123;6;SI;4;21;19;9;15;2
58;NO;Ocasional;23;1;Masculino;1;Divorciado;2372;1;NO;4;2;2;2;2;2
32;SI;Ocasional;7;4;Masculino;2;Casado;4883;1;NO;1;10;10;4;1;1
39;SI;Ocasional;23;3;Masculino;1;Soltero;3904;0;NO;1;6;5;2;0;3
30;NO;Ocasional;6;1;Femenino;2;Casado;4627;0;NO;1;10;9;2;6;7
36;NO;Ocasional;10;4;Femenino;3;Casado;7094;3;NO;1;10;7;7;1;7
46;NO;Ocasional;1;4;Femenino;1;Soltero;3423;6;NO;3;10;7;6;5;7
28;NO;No-viaja;1;3;Femenino;2;Casado;6674;0;NO;1;10;9;8;7;5
50;NO;Ocasional;28;4;Femenino;4;Casado;16880;4;SI;2;25;3;2;1;2
40;SI;Ocasional;25;4;Masculino;3;Soltero;9094;2;SI;3;9;5;4;1;0
52;SI;Ocasional;5;2;Masculino;3;Soltero;8446;9;SI;3;10;8;7;7;7
30;NO;Ocasional;17;2;Femenino;3;Casado;11916;1;SI;4;9;9;1;0;8
39;NO;Ocasional;18;1;Masculino;2;Soltero;4534;0;NO;1;9;8;7;1;7
31;NO;No-viaja;2;4;Femenino;3;Divorciado;9852;1;SI;1;10;10;8;9;6
41;NO;No-viaja;10;3;Masculino;2;Soltero;6151;1;NO;1;19;19;2;11;9
31;SI;Frecuentemente;1;4;Femenino;1;Soltero;2302;1;SI;1;3;3;2;2;2
44;SI;Ocasional;3;1;Masculino;1;Casado;2362;4;NO;3;10;3;2;1;2
42;NO;No-viaja;2;3;Masculino;4;Casado;17861;0;SI;4;21;20;8;2;10
55;NO;Ocasional;2;4;Femenino;5;Casado;19187;4;NO;4;23;19;9;9;11
56;NO;Ocasional;8;4;Masculino;5;Soltero;19717;6;NO;1;36;7;3;7;7
40;NO;No-viaja;16;3;Masculino;1;Divorciado;3544;9;NO;2;6;4;2;0;0
34;NO;Ocasional;9;4;Masculino;3;Divorciado;8500;0;NO;4;10;9;7;1;6
40;NO;Ocasional;2;3;Masculino;2;Soltero;4661;1;NO;3;9;9;8;8;8
41;NO;Frecuentemente;1;3;Femenino;2;Divorciado;4103;0;NO;4;10;9;3;1;7
35;NO;Frecuentemente;4;3;Masculino;2;Soltero;4249;1;SI;2;9;9;6;1;1
51;NO;Ocasional;5;3;Masculino;4;Divorciado;14026;1;SI;2;33;33;9;0;10
38;NO;Ocasional;2;2;Femenino;2;Divorciado;6893;3;NO;4;11;7;7;1;7
34;NO;Ocasional;15;3;Femenino;2;Soltero;6125;1;NO;4;10;10;8;9;6
25;NO;Ocasional;19;4;Masculino;1;Casado;3669;3;NO;3;7;3;2;1;2
58;SI;Ocasional;7;3;Femenino;3;Casado;10008;7;SI;4;31;10;9;5;9
40;NO;Ocasional;1;2;Masculino;1;Casado;2387;3;NO;3;7;4;2;0;3
36;NO;Frecuentemente;7;1;Femenino;2;Casado;4639;2;NO;4;17;15;7;6;13
48;NO;Ocasional;4;4;Masculino;3;Soltero;7898;1;NO;3;11;10;9;0;8
27;NO;Ocasional;11;3;Femenino;1;Casado;2534;8;NO;2;5;1;0;0;0
51;NO;Ocasional;11;4;Femenino;4;Soltero;13142;3;NO;2;29;5;2;0;3
18;NO;No-viaja;1;4;Femenino;1;Soltero;1611;1;NO;3;0;0;0;0;0
35;NO;Ocasional;1;4;Femenino;2;Casado;5363;0;NO;2;10;9;7;0;0
27;NO;Frecuentemente;2;4;Masculino;2;Soltero;5071;3;NO;2;8;6;2;0;0
55;SI;Ocasional;13;1;Masculino;4;Soltero;13695;6;SI;3;24;19;7;3;8
56;NO;Ocasional;23;4;Masculino;4;Casado;13402;4;SI;1;33;19;16;15;9
34;NO;No-viaja;26;1;Femenino;1;Divorciado;2029;1;NO;3;5;5;4;0;0
40;NO;Ocasional;2;2;Femenino;2;Divorciado;6377;5;NO;2;15;12;11;11;8
34;NO;Ocasional;29;2;Masculino;2;Casado;5429;4;NO;1;10;8;7;7;7
31;SI;Frecuentemente;2;3;Femenino;1;Soltero;2785;7;NO;3;3;1;0;0;0
35;SI;Frecuentemente;18;4;Femenino;2;Casado;4614;0;SI;3;5;4;2;3;2
38;NO;Frecuentemente;7;4;Masculino;1;Divorciado;2610;1;NO;4;4;4;2;0;3
34;NO;Ocasional;2;3;Femenino;2;Soltero;6687;1;NO;4;14;14;11;4;11
28;NO;Ocasional;26;3;Masculino;2;Casado;4724;1;NO;3;5;5;3;0;4
31;SI;Ocasional;22;4;Masculino;2;Casado;6179;1;SI;4;10;10;2;6;7
39;NO;Ocasional;21;1;Masculino;2;Casado;6120;3;SI;4;8;5;4;1;4
51;NO;Frecuentemente;2;2;Masculino;3;Casado;10596;2;NO;2;14;4;2;3;2
41;NO;Frecuentemente;22;4;Femenino;2;Divorciado;5467;3;SI;1;12;6;2;3;3
37;NO;Ocasional;4;3;Masculino;1;Casado;2996;7;SI;4;8;6;4;1;3
33;NO;Frecuentemente;5;2;Masculino;2;Casado;9998;6;NO;1;8;5;4;1;2
32;NO;Ocasional;2;3;Masculino;2;Casado;4078;0;SI;1;4;3;2;1;2
39;NO;No-viaja;25;3;Masculino;3;Casado;10920;3;NO;2;13;6;4;0;5
25;NO;Ocasional;18;1;Masculino;2;Casado;6232;2;NO;2;6;3;2;1;2
52;NO;Frecuentemente;28;4;Femenino;4;Casado;13247;2;SI;2;24;5;3;0;2
43;NO;Ocasional;6;1;Femenino;2;Soltero;4081;1;SI;1;20;20;7;1;8
27;NO;Ocasional;10;4;Femenino;2;Casado;5769;1;SI;4;6;6;2;4;4
27;SI;Ocasional;17;4;Femenino;1;Soltero;2394;1;SI;4;8;8;2;7;7
26;NO;Ocasional;2;1;Masculino;1;Soltero;3904;0;NO;4;5;4;3;1;1
42;NO;Ocasional;10;3;Femenino;4;Casado;16799;0;NO;3;21;20;7;0;9
52;NO;Ocasional;8;3;Femenino;1;Casado;2950;9;NO;3;12;5;4;0;4
37;NO;Ocasional;11;1;Femenino;1;Soltero;3629;4;NO;1;8;3;2;0;2
35;NO;Frecuentemente;18;3;Masculino;3;Soltero;9362;2;NO;3;10;2;2;2;2
25;NO;Ocasional;1;1;Masculino;1;Casado;3229;4;NO;2;7;3;2;0;2
26;NO;Ocasional;7;3;Masculino;1;Soltero;3578;0;NO;4;8;7;7;0;7
29;NO;Ocasional;17;2;Masculino;3;Soltero;7988;1;NO;1;10;10;9;0;9
49;SI;Frecuentemente;28;1;Masculino;2;Soltero;4284;3;NO;1;20;4;3;1;3
29;SI;Frecuentemente;14;3;Femenino;3;Soltero;7553;0;SI;1;9;8;7;7;7
54;NO;Ocasional;1;4;Femenino;4;Soltero;17328;6;NO;4;29;20;7;12;7
58;NO;Ocasional;1;4;Femenino;5;Casado;19701;3;SI;3;32;9;8;1;5
55;NO;Ocasional;1;2;Masculino;4;Divorciado;14732;2;NO;4;31;7;7;0;0
36;NO;Ocasional;3;1;Femenino;2;Soltero;9278;3;SI;4;15;5;4;0;1
31;SI;Frecuentemente;1;2;Femenino;1;Soltero;1359;1;NO;2;1;1;0;0;0
30;NO;Ocasional;7;4;Femenino;2;Divorciado;4779;7;NO;2;8;3;2;0;2
31;NO;Ocasional;8;1;Femenino;4;Soltero;16422;3;NO;3;9;3;2;1;0
34;NO;Frecuentemente;1;4;Masculino;1;Divorciado;2996;5;NO;3;10;4;3;1;3
31;SI;Ocasional;8;1;Femenino;1;Soltero;1261;1;NO;3;1;1;0;0;0
27;NO;Ocasional;11;2;Masculino;1;Casado;2099;0;NO;2;6;5;0;1;4
36;NO;Ocasional;4;1;Masculino;2;Soltero;5810;1;NO;3;10;10;4;1;8
36;NO;Ocasional;16;3;Femenino;2;Casado;5647;4;NO;1;11;3;2;0;2
47;NO;Ocasional;1;1;Masculino;1;Casado;3420;7;NO;3;17;6;5;1;2
25;SI;Ocasional;9;1;Masculino;1;Casado;4400;3;NO;1;6;3;2;2;2
37;NO;No-viaja;5;3;Masculino;1;Soltero;3500;0;NO;1;7;6;5;1;3
56;NO;Ocasional;1;1;Femenino;1;Casado;2066;2;NO;4;5;3;2;1;0
47;NO;Ocasional;2;1;Femenino;4;Casado;17169;3;NO;2;26;20;17;5;6
24;NO;Ocasional;4;4;Femenino;2;Casado;4162;1;SI;3;5;5;4;0;3
32;NO;Ocasional;7;4;Masculino;2;Casado;9204;4;NO;3;7;4;3;0;3
34;NO;Ocasional;1;4;Femenino;1;Casado;3294;5;NO;1;7;5;4;0;2
41;NO;Ocasional;5;2;Masculino;1;Casado;2127;2;SI;1;7;4;2;0;3
40;NO;No-viaja;9;3;Masculino;2;Divorciado;3975;3;NO;3;11;8;7;0;7
31;NO;Ocasional;8;1;Masculino;3;Divorciado;10793;1;NO;1;13;13;7;9;9
46;SI;Ocasional;9;1;Masculino;3;Divorciado;10096;4;NO;1;28;7;7;4;3
39;SI;No-viaja;2;1;Femenino;1;Soltero;3646;2;SI;2;11;1;0;0;0
31;SI;Frecuentemente;1;3;Femenino;3;Soltero;7446;1;NO;1;10;10;8;4;7
45;NO;Ocasional;20;2;Masculino;3;Divorciado;10851;2;SI;2;24;7;7;0;7
31;NO;Ocasional;8;4;Femenino;1;Soltero;2109;9;NO;4;8;3;2;0;2
31;SI;Frecuentemente;2;2;Masculino;1;Casado;3722;6;SI;3;7;2;2;2;2
45;NO;Ocasional;29;2;Masculino;3;Casado;9380;4;SI;4;10;3;1;1;2
48;NO;Ocasional;7;3;Masculino;2;Divorciado;5486;4;NO;1;15;2;2;2;2
34;SI;Ocasional;9;1;Femenino;1;Casado;2742;1;NO;4;2;2;2;2;2
40;NO;No-viaja;8;4;Masculino;3;Divorciado;13757;2;NO;3;16;9;8;4;8
28;NO;Ocasional;5;4;Masculino;2;Soltero;8463;0;NO;4;6;5;4;1;3
44;NO;No-viaja;5;3;Masculino;1;Soltero;3162;3;NO;4;7;5;2;0;3
53;NO;Ocasional;2;4;Masculino;4;Soltero;16598;4;NO;2;35;9;8;8;8
49;NO;Ocasional;5;1;Masculino;2;Casado;6651;2;NO;2;20;3;2;1;2
40;NO;Ocasional;2;3;Masculino;1;Divorciado;2345;2;NO;3;8;3;1;1;2
44;NO;Ocasional;20;4;Masculino;1;Soltero;3420;1;NO;3;6;5;2;1;3
33;NO;Frecuentemente;7;4;Masculino;2;Casado;4373;0;NO;1;5;4;3;0;3
34;NO;Ocasional;3;4;Masculino;2;Soltero;4759;3;NO;4;15;13;9;3;12
30;NO;Ocasional;16;4;Masculino;2;Casado;5301;8;NO;3;4;2;1;2;2
42;NO;Frecuentemente;9;1;Femenino;1;Soltero;3673;1;NO;3;12;12;9;5;8
44;NO;Frecuentemente;1;1;Femenino;2;Casado;4768;7;NO;3;11;1;0;0;0
30;NO;No-viaja;7;3;Masculino;1;Divorciado;1274;1;NO;2;1;1;0;0;0
57;NO;Ocasional;1;2;Masculino;2;Casado;4900;0;NO;1;13;12;9;2;8
49;NO;Ocasional;7;3;Masculino;3;Divorciado;10466;3;NO;2;29;8;7;0;7
34;NO;Frecuentemente;15;2;Masculino;4;Divorciado;17007;7;NO;4;16;14;8;6;9
28;SI;Frecuentemente;1;1;Masculino;1;Casado;2909;3;NO;4;5;3;2;1;2
29;SI;Frecuentemente;13;1;Femenino;2;Soltero;5765;5;NO;1;7;5;3;0;0
34;SI;Ocasional;24;1;Femenino;2;Soltero;4599;0;SI;3;16;15;9;10;10
35;NO;Ocasional;7;4;Masculino;1;Casado;2404;1;NO;1;1;1;0;0;0
24;SI;Frecuentemente;9;2;Masculino;1;Soltero;3172;2;SI;3;4;0;0;0;0
24;NO;No-viaja;13;4;Femenino;1;Casado;2033;1;NO;3;1;1;0;0;0
44;NO;Frecuentemente;2;2;Masculino;3;Soltero;10209;5;SI;2;16;2;2;2;2
29;NO;Ocasional;19;3;Masculino;2;Divorciado;8620;1;NO;3;10;10;7;0;4
30;NO;Ocasional;1;3;Masculino;1;Divorciado;2064;0;NO;1;6;5;3;1;3
55;NO;Ocasional;4;4;Masculino;2;Casado;4035;0;SI;2;4;3;2;1;2
33;NO;Ocasional;4;1;Femenino;1;Casado;3838;8;NO;4;8;5;4;0;2
47;NO;Ocasional;14;3;Femenino;2;Casado;4591;3;SI;3;11;5;4;1;2
28;SI;Frecuentemente;2;3;Masculino;1;Soltero;2561;7;NO;3;8;0;0;0;0
28;NO;Ocasional;1;1;Masculino;1;Divorciado;1563;1;NO;4;1;1;0;0;0
28;NO;Frecuentemente;7;3;Masculino;2;Soltero;4898;0;NO;4;5;4;2;1;3
49;NO;Ocasional;3;3;Femenino;2;Casado;4789;4;NO;1;10;3;2;1;2
29;NO;Frecuentemente;2;4;Femenino;1;Casado;3180;0;NO;3;4;3;2;0;2
28;NO;Ocasional;29;3;Masculino;2;Casado;6549;1;NO;2;8;8;6;1;7
33;NO;Ocasional;8;4;Masculino;2;Soltero;6388;2;SI;1;14;0;0;0;0
32;NO;Ocasional;10;3;Masculino;3;Soltero;11244;2;NO;2;10;5;2;0;0
54;NO;Frecuentemente;11;2;Femenino;4;Divorciado;16032;3;NO;1;26;14;9;1;12
29;SI;Ocasional;1;1;Masculino;1;Soltero;2362;6;NO;3;11;9;7;0;7
44;NO;Ocasional;28;4;Masculino;4;Casado;16328;3;NO;3;24;20;6;14;17
39;NO;Ocasional;6;2;Femenino;3;Soltero;8376;4;NO;4;9;2;0;2;2
46;NO;Ocasional;3;3;Femenino;4;Casado;16606;8;NO;4;23;13;12;5;1
35;NO;Ocasional;16;4;Femenino;3;Soltero;8606;1;NO;4;11;11;8;3;3
23;NO;Ocasional;20;1;Masculino;2;Soltero;2272;0;NO;2;5;4;3;1;2
40;SI;Ocasional;9;4;Masculino;1;Soltero;2018;3;NO;2;15;5;4;1;0
34;NO;Ocasional;1;4;Masculino;3;Casado;7083;1;SI;4;10;10;9;8;6
31;SI;Frecuentemente;3;4;Femenino;1;Soltero;4084;1;NO;1;7;7;2;7;7
50;NO;Frecuentemente;22;3;Masculino;4;Soltero;14411;1;SI;4;32;32;6;13;9
34;NO;Ocasional;7;2;Masculino;1;Casado;2308;0;SI;2;12;11;10;5;7
42;NO;Ocasional;2;3;Masculino;1;Casado;4841;4;NO;2;4;1;0;0;0
37;NO;Ocasional;13;1;Masculino;2;Casado;4285;1;NO;1;10;10;8;3;7
29;NO;Ocasional;8;3;Femenino;2;Casado;9715;3;NO;3;9;7;7;0;7
33;NO;Ocasional;25;4;Masculino;2;Soltero;4320;1;NO;4;5;5;3;0;2
45;NO;Ocasional;28;4;Masculino;1;Casado;2132;4;NO;4;8;5;4;0;3
42;NO;Frecuentemente;2;4;Masculino;3;Casado;10124;2;SI;3;24;20;8;13;9
40;NO;Ocasional;9;1;Masculino;2;Casado;5473;0;NO;4;9;8;4;7;1
33;NO;Ocasional;28;2;Masculino;2;Casado;5207;1;SI;2;15;15;14;5;7
40;NO;Ocasional;6;3;Masculino;4;Soltero;16437;1;SI;4;21;21;7;7;7
24;NO;Ocasional;21;3;Masculino;1;Divorciado;2296;0;NO;2;2;1;1;0;0
40;NO;No-viaja;8;4;Masculino;2;Divorciado;4069;3;SI;3;8;2;2;2;2
45;NO;Ocasional;1;1;Masculino;3;Divorciado;7441;1;NO;1;10;10;8;7;7
35;NO;Ocasional;28;2;Femenino;1;Casado;2430;0;NO;1;6;5;3;4;2
32;NO;Ocasional;5;4;Femenino;2;Casado;5878;3;NO;1;12;7;1;2;5
36;NO;Ocasional;2;3;Masculino;1;Soltero;2644;3;SI;4;7;3;2;1;2
48;NO;Ocasional;16;3;Femenino;2;Divorciado;6439;8;NO;3;18;8;7;7;7
29;NO;Ocasional;9;3;Masculino;1;Casado;2451;6;NO;1;5;1;0;0;0
33;NO;Ocasional;8;1;Masculino;2;Casado;6392;2;NO;4;8;2;2;2;2
30;SI;Ocasional;1;2;Masculino;2;Casado;9714;1;NO;4;10;10;8;6;7
38;NO;Frecuentemente;10;3;Masculino;2;Casado;6077;3;NO;3;10;6;3;1;2
35;NO;Ocasional;1;4;Masculino;1;Soltero;2450;1;NO;2;3;3;0;1;2
30;NO;Ocasional;29;3;Masculino;3;Casado;9250;3;NO;2;9;4;2;1;3
35;SI;Ocasional;2;1;Femenino;1;Divorciado;2074;1;SI;4;1;1;0;0;0
53;SI;Ocasional;2;3;Femenino;3;Casado;10169;0;NO;2;34;33;7;1;9
38;SI;Ocasional;2;3;Masculino;2;Casado;4855;4;NO;1;7;5;2;1;4
32;NO;No-viaja;1;4;Masculino;2;Casado;4087;4;NO;2;9;6;5;1;2
48;NO;Ocasional;15;3;Femenino;1;Casado;2367;8;NO;4;10;8;2;7;6
34;NO;Ocasional;7;1;Masculino;1;Soltero;2972;1;NO;3;1;1;0;0;0
55;NO;Ocasional;26;3;Masculino;5;Casado;19586;1;NO;3;36;36;6;2;13
34;NO;Ocasional;1;2;Masculino;2;Casado;5484;9;NO;2;9;2;2;2;1
26;NO;Ocasional;3;1;Femenino;1;Casado;2061;1;NO;1;1;1;0;0;0
38;NO;Ocasional;14;3;Masculino;2;Casado;9924;0;NO;4;10;9;8;7;7
38;NO;Ocasional;16;2;Femenino;2;Soltero;4198;2;NO;2;8;3;2;1;2
36;NO;Ocasional;1;2;Femenino;2;Soltero;6815;6;NO;1;15;1;0;0;0
29;NO;Ocasional;3;2;Masculino;1;Soltero;4723;1;SI;4;10;10;9;1;5
35;NO;Ocasional;10;1;Femenino;2;Soltero;6142;3;SI;3;10;5;2;0;4
39;NO;Ocasional;6;4;Masculino;3;Casado;8237;2;NO;1;11;7;6;7;6
29;NO;Frecuentemente;2;1;Masculino;2;Divorciado;8853;1;NO;4;6;6;4;1;3
50;NO;Ocasional;9;3;Masculino;5;Casado;19331;4;SI;3;27;1;0;0;0
23;NO;Ocasional;10;4;Masculino;1;Casado;2073;2;NO;4;4;2;2;2;2
36;NO;Frecuentemente;6;1;Masculino;2;Casado;5562;3;SI;4;9;3;2;0;2
42;NO;Ocasional;9;4;Masculino;5;Soltero;19613;8;NO;4;24;1;0;0;1
35;NO;Ocasional;28;2;Masculino;2;Casado;3407;1;NO;4;10;10;9;6;8
34;NO;Frecuentemente;10;4;Masculino;2;Casado;5063;1;NO;2;8;8;2;7;7
40;NO;Ocasional;14;4;Femenino;2;Casado;4639;1;NO;3;5;5;4;1;2
43;NO;Ocasional;27;4;Masculino;1;Divorciado;4876;5;NO;3;8;6;4;0;2
35;NO;Ocasional;7;3;Masculino;1;Casado;2690;1;NO;4;1;1;0;0;1
46;NO;Ocasional;1;4;Masculino;4;Soltero;17567;1;NO;2;27;26;0;0;12
28;SI;Ocasional;24;3;Masculino;1;Casado;2408;1;SI;3;1;1;1;0;0
22;NO;No-viaja;26;2;Femenino;1;Casado;2814;1;SI;2;4;4;2;1;3
50;NO;Frecuentemente;20;2;Masculino;4;Casado;11245;2;SI;3;32;30;8;12;13
32;NO;Ocasional;5;2;Femenino;1;Casado;3312;3;NO;4;6;3;2;0;2
44;NO;Ocasional;7;2;Femenino;5;Divorciado;19049;0;SI;4;23;22;7;1;10
30;NO;Ocasional;7;2;Masculino;1;Casado;2141;1;NO;2;6;6;4;1;1
45;NO;Ocasional;5;3;Femenino;2;Soltero;5769;1;SI;1;10;10;7;1;4
45;NO;No-viaja;26;1;Masculino;2;Casado;4385;1;NO;1;10;10;7;4;5
31;NO;Frecuentemente;2;4;Masculino;2;Soltero;5332;7;NO;4;10;5;2;0;3
36;NO;Ocasional;12;3;Femenino;2;Casado;4663;9;SI;2;7;3;2;1;1
34;NO;Frecuentemente;10;3;Masculino;2;Divorciado;4724;1;NO;1;9;9;7;7;2
49;NO;Ocasional;25;3;Femenino;1;Casado;3211;1;NO;4;10;9;6;1;4
39;NO;Ocasional;10;2;Masculino;2;Casado;5377;2;NO;4;10;7;7;7;7
27;NO;Ocasional;19;4;Masculino;1;Divorciado;4066;1;NO;1;7;7;7;0;7
35;NO;Ocasional;18;2;Masculino;2;Casado;5208;1;NO;4;16;16;15;1;10
28;NO;Ocasional;27;2;Femenino;2;Divorciado;4877;0;NO;2;6;5;3;0;0
21;NO;Ocasional;5;3;Masculino;1;Soltero;3117;1;NO;3;3;2;2;2;2
18;SI;Frecuentemente;3;2;Femenino;1;Soltero;1569;1;SI;3;0;0;0;0;0
47;NO;Ocasional;26;4;Femenino;5;Casado;19658;3;NO;3;27;5;2;1;0
39;NO;Ocasional;3;3;Masculino;2;Divorciado;3069;0;NO;4;11;10;8;0;7
40;NO;Ocasional;15;1;Femenino;3;Casado;10435;1;NO;4;18;18;15;14;12
35;NO;No-viaja;8;3;Femenino;2;Casado;4148;1;NO;4;15;14;11;2;9
37;NO;Ocasional;19;3;Masculino;2;Casado;5768;3;NO;1;9;4;3;0;2
39;NO;Frecuentemente;4;1;Femenino;2;Soltero;5042;0;NO;4;10;9;2;3;8
45;NO;Ocasional;2;4;Femenino;2;Divorciado;5770;1;NO;1;10;10;7;3;9
38;NO;Ocasional;2;4;Femenino;3;Casado;7756;3;SI;4;10;5;4;0;2
35;SI;Ocasional;10;4;Masculino;3;Casado;10306;9;NO;3;15;13;12;6;0
37;NO;Ocasional;10;2;Femenino;1;Casado;3936;1;NO;1;8;8;4;7;7
40;NO;Ocasional;16;3;Femenino;3;Soltero;7945;6;SI;4;18;4;2;3;3
44;NO;Frecuentemente;1;1;Masculino;2;Casado;5743;4;SI;3;14;10;7;0;2
48;NO;Frecuentemente;4;3;Masculino;4;Casado;15202;2;NO;2;23;2;2;2;2
35;SI;Ocasional;15;1;Masculino;2;Divorciado;5440;6;SI;4;7;2;2;2;2
24;NO;Frecuentemente;2;1;Femenino;1;Soltero;3760;1;SI;3;6;6;3;1;3
27;NO;Ocasional;8;2;Femenino;1;Casado;3517;7;NO;1;5;3;2;0;2
27;NO;Frecuentemente;2;4;Masculino;1;Soltero;2580;2;NO;3;6;4;2;1;2
40;SI;Ocasional;7;1;Masculino;1;Soltero;2166;3;SI;2;10;4;2;0;3
29;NO;Ocasional;10;3;Masculino;2;Soltero;5869;9;NO;3;8;5;2;1;4
36;NO;Ocasional;5;2;Femenino;3;Casado;8008;4;NO;3;9;3;2;0;2
25;NO;Frecuentemente;2;4;Masculino;2;Divorciado;5206;1;NO;3;7;7;7;0;7
39;NO;Ocasional;12;4;Masculino;2;Casado;5295;4;NO;3;7;5;4;1;0
49;NO;Ocasional;22;1;Femenino;4;Casado;16413;3;NO;2;27;4;2;1;2
50;NO;Ocasional;17;4;Femenino;3;Divorciado;13269;5;NO;3;19;14;11;1;11
20;NO;Ocasional;2;3;Femenino;1;Soltero;2783;1;NO;1;2;2;2;2;2
34;NO;Ocasional;3;4;Femenino;2;Divorciado;5433;1;NO;3;11;11;8;7;9
36;NO;Ocasional;7;1;Masculino;1;Soltero;2013;2;NO;3;15;4;3;1;3
49;NO;Ocasional;6;3;Femenino;4;Casado;13966;2;SI;2;30;15;11;2;12
36;NO;No-viaja;1;4;Femenino;2;Casado;4374;0;NO;3;4;3;2;1;2
36;NO;Ocasional;3;4;Masculino;2;Divorciado;6842;6;NO;1;13;5;4;0;4
54;NO;Ocasional;22;2;Femenino;4;Casado;17426;3;NO;3;36;10;8;4;7
43;NO;Ocasional;15;3;Masculino;4;Casado;17603;1;NO;1;14;14;10;6;11
35;SI;Frecuentemente;12;4;Masculino;2;Soltero;4581;3;SI;1;13;11;9;6;7
38;NO;Frecuentemente;1;4;Masculino;2;Casado;4735;7;NO;4;19;13;11;2;9
29;NO;Ocasional;5;1;Masculino;2;Divorciado;4187;1;SI;2;10;10;0;0;9
33;NO;Ocasional;2;4;Masculino;2;Divorciado;5505;1;NO;3;6;6;2;0;4
32;NO;Ocasional;2;4;Masculino;2;Divorciado;5470;0;NO;3;10;9;5;1;6
31;NO;Ocasional;5;1;Femenino;2;Casado;5476;1;NO;1;10;10;0;0;2
49;NO;Ocasional;16;4;Femenino;1;Divorciado;2587;4;SI;2;17;2;2;2;2
38;NO;Frecuentemente;2;4;Femenino;1;Soltero;2440;1;NO;2;4;4;3;3;3
47;NO;Ocasional;2;2;Femenino;4;Divorciado;15972;6;NO;3;29;3;2;1;2
49;NO;Ocasional;1;3;Masculino;4;Soltero;15379;4;NO;1;23;8;7;0;0
41;NO;Ocasional;23;4;Masculino;3;Soltero;7082;3;SI;4;21;2;0;0;2
20;NO;Ocasional;9;4;Masculino;1;Soltero;2728;1;NO;1;2;2;2;0;2
33;NO;No-viaja;16;3;Femenino;2;Divorciado;5368;1;SI;3;7;6;5;1;2
36;NO;Ocasional;26;1;Masculino;2;Casado;5347;6;NO;2;10;3;2;0;2
44;NO;Ocasional;1;3;Femenino;1;Divorciado;3195;4;SI;1;8;2;2;2;2
23;SI;Ocasional;8;4;Masculino;1;Soltero;3989;1;SI;1;5;5;4;1;2
38;NO;Ocasional;4;4;Femenino;1;Casado;3306;7;NO;4;7;0;0;0;0
53;NO;Ocasional;24;2;Masculino;3;Casado;7005;3;NO;3;11;4;3;1;2
48;SI;Frecuentemente;7;4;Femenino;1;Casado;2655;2;SI;3;19;9;7;7;7
32;SI;Ocasional;2;4;Masculino;1;Soltero;1393;1;NO;1;1;1;0;0;0
26;NO;No-viaja;7;4;Masculino;1;Soltero;2570;1;NO;3;7;7;7;5;7
55;NO;Ocasional;22;1;Masculino;1;Divorciado;3537;5;NO;4;8;4;2;1;2
34;NO;Ocasional;5;2;Masculino;2;Casado;3986;1;NO;3;15;15;10;4;13
60;NO;Ocasional;1;3;Masculino;3;Divorciado;10883;3;NO;3;19;1;0;0;0
33;NO;Ocasional;21;2;Masculino;1;Casado;2028;1;NO;4;14;14;11;2;13
37;NO;Frecuentemente;1;3;Masculino;2;Divorciado;9525;1;NO;3;6;6;3;1;3
34;NO;Ocasional;19;2;Femenino;1;Casado;2929;1;NO;2;10;10;9;8;7
23;SI;Ocasional;7;3;Masculino;1;Divorciado;2275;1;SI;2;3;3;2;0;2
44;NO;Ocasional;2;3;Femenino;3;Casado;7879;1;SI;2;9;8;7;6;7
35;NO;Frecuentemente;2;1;Masculino;1;Soltero;4930;0;SI;3;6;5;4;1;4
43;NO;Ocasional;2;4;Masculino;2;Casado;7847;1;SI;1;10;10;9;8;8
24;NO;Ocasional;9;3;Masculino;1;Casado;4401;1;NO;4;5;5;3;0;4
41;NO;Ocasional;6;4;Masculino;3;Soltero;9241;1;NO;2;10;10;8;8;7
29;NO;Ocasional;9;4;Femenino;1;Casado;2974;9;NO;3;9;5;3;1;2
36;NO;Ocasional;2;3;Femenino;2;Soltero;4502;3;NO;3;17;13;7;6;7
45;NO;No-viaja;1;3;Masculino;3;Casado;10748;3;NO;4;25;23;15;14;4
24;SI;Ocasional;22;4;Masculino;1;Casado;1555;1;NO;3;1;1;0;0;0
47;SI;Frecuentemente;9;3;Masculino;4;Casado;12936;7;NO;3;25;23;5;14;10
26;NO;Ocasional;17;4;Masculino;1;Casado;2305;1;NO;3;3;3;2;0;2
45;NO;Ocasional;28;4;Femenino;4;Soltero;16704;1;NO;3;21;21;6;8;6
32;NO;Frecuentemente;10;1;Masculino;1;Casado;3433;6;NO;1;10;5;2;1;3
31;NO;Ocasional;2;2;Masculino;1;Casado;3477;1;NO;4;6;5;2;0;3
41;NO;No-viaja;4;3;Masculino;2;Casado;6430;6;NO;2;10;3;2;1;2
40;NO;Ocasional;8;2;Femenino;2;Casado;6516;2;SI;2;18;1;0;0;0
24;NO;Ocasional;29;2;Masculino;1;Divorciado;3907;1;NO;2;6;6;2;1;2
46;NO;Ocasional;13;3;Masculino;2;Soltero;5562;6;NO;4;19;10;7;0;9
35;NO;Ocasional;27;4;Masculino;2;Casado;6883;2;NO;2;17;7;7;0;7
30;NO;Ocasional;16;2;Masculino;1;Casado;2862;1;NO;2;10;10;0;0;8
47;NO;No-viaja;2;3;Masculino;2;Casado;4978;7;NO;4;4;1;0;0;0
46;NO;Ocasional;2;3;Masculino;3;Divorciado;10368;4;SI;2;13;10;6;0;3
36;SI;Ocasional;13;2;Masculino;2;Divorciado;6134;5;SI;2;16;2;2;2;2
32;SI;Ocasional;1;1;Masculino;2;Soltero;6735;6;NO;2;10;0;0;0;0
23;NO;Ocasional;4;3;Femenino;1;Soltero;3295;1;NO;3;3;3;2;1;2
31;NO;Frecuentemente;24;4;Femenino;2;Soltero;5238;2;NO;4;9;5;4;1;4
39;NO;No-viaja;1;4;Masculino;2;Casado;6472;1;SI;4;9;9;8;5;8
32;NO;Ocasional;19;4;Masculino;3;Casado;9610;3;NO;3;10;4;3;0;2
40;NO;Ocasional;7;2;Masculino;5;Soltero;19833;1;NO;2;21;21;8;12;8
45;NO;Ocasional;4;3;Femenino;3;Casado;9756;4;NO;3;9;5;0;0;3
30;NO;Frecuentemente;2;4;Femenino;1;Soltero;4968;0;NO;4;10;9;7;0;7
24;NO;Frecuentemente;10;1;Masculino;1;Casado;2145;0;NO;4;3;2;2;2;1
30;SI;Frecuentemente;8;3;Femenino;1;Divorciado;2180;6;NO;3;6;4;2;1;2
31;NO;Ocasional;5;1;Masculino;2;Casado;8346;1;NO;3;6;5;2;0;2
27;NO;Ocasional;8;3;Femenino;1;Soltero;3445;1;NO;3;6;6;2;1;4
29;SI;Ocasional;9;2;Femenino;1;Soltero;2760;1;NO;3;2;2;2;2;2
29;NO;Frecuentemente;1;4;Masculino;2;Soltero;6294;8;SI;4;10;3;2;0;2
30;NO;Ocasional;15;3;Masculino;3;Divorciado;7140;2;NO;1;12;7;7;1;7
34;NO;Ocasional;2;4;Masculino;1;Casado;2932;0;SI;1;6;5;0;1;2
33;NO;No-viaja;2;4;Femenino;2;Soltero;5147;8;NO;4;13;11;7;1;7
49;NO;Ocasional;11;4;Femenino;2;Soltero;4507;3;NO;3;8;5;1;0;4
33;SI;Ocasional;16;1;Femenino;3;Soltero;8564;2;SI;3;11;0;0;0;0
38;NO;Frecuentemente;2;3;Femenino;1;Casado;2468;4;NO;2;9;6;1;0;5
31;SI;Ocasional;16;1;Masculino;3;Casado;8161;2;NO;1;10;1;0;0;0
29;NO;Ocasional;4;4;Femenino;1;Divorciado;2109;1;NO;3;1;1;0;0;0
30;NO;Ocasional;16;3;Masculino;2;Casado;5294;3;NO;3;10;7;0;1;7
32;NO;No-viaja;5;2;Masculino;1;Soltero;2718;2;NO;2;12;7;7;0;7
38;NO;Ocasional;18;2;Masculino;2;Casado;5811;3;SI;3;15;1;0;1;0
43;SI;Frecuentemente;17;3;Masculino;1;Casado;2437;9;SI;4;6;1;0;0;0
42;NO;Ocasional;12;2;Masculino;1;Divorciado;2766;8;NO;2;7;5;3;0;4
55;NO;Ocasional;2;3;Masculino;5;Casado;19038;8;NO;2;34;1;0;0;0
33;NO;No-viaja;4;4;Masculino;2;Divorciado;3055;5;NO;4;11;9;8;1;7
41;NO;Ocasional;9;3;Masculino;1;Divorciado;2289;1;NO;2;5;5;3;0;4
34;NO;No-viaja;10;4;Masculino;2;Divorciado;4001;1;SI;3;15;15;14;0;7
53;NO;No-viaja;1;1;Femenino;4;Casado;12965;4;SI;4;27;3;2;0;2
43;NO;Ocasional;2;2;Masculino;1;Soltero;3539;0;NO;2;10;9;7;1;8
34;NO;Ocasional;3;4;Femenino;2;Soltero;6029;5;NO;1;6;2;2;2;2
21;SI;Ocasional;7;2;Masculino;1;Soltero;2679;1;NO;2;1;1;0;1;0
38;NO;Ocasional;6;4;Femenino;1;Casado;3702;1;NO;2;5;5;4;0;4
22;SI;Ocasional;8;3;Femenino;1;Casado;2398;1;SI;3;1;1;0;0;0
31;NO;Ocasional;29;1;Femenino;2;Casado;5468;1;NO;1;13;12;7;5;7
51;NO;Ocasional;3;1;Femenino;3;Casado;13116;2;NO;4;15;2;2;2;2
37;NO;Ocasional;9;2;Masculino;2;Casado;4189;1;NO;1;5;5;2;0;3
46;NO;Ocasional;2;3;Masculino;5;Divorciado;19328;7;SI;3;24;2;1;2;2
36;NO;Ocasional;10;4;Masculino;3;Casado;8321;7;SI;4;15;12;8;5;7
44;SI;Frecuentemente;1;3;Masculino;1;Divorciado;2342;1;SI;3;6;5;3;2;3
37;NO;Ocasional;8;3;Masculino;2;Divorciado;4071;2;NO;3;19;10;0;4;7
35;SI;Ocasional;27;3;Masculino;2;Soltero;5813;1;SI;4;10;10;7;7;7
33;NO;Ocasional;8;4;Masculino;1;Casado;3143;6;NO;2;14;10;8;7;6
28;NO;Ocasional;1;3;Masculino;1;Casado;2044;1;NO;3;5;5;3;0;3
39;NO;Ocasional;10;3;Masculino;3;Soltero;13464;7;NO;3;9;4;3;2;2
46;NO;No-viaja;26;2;Masculino;2;Soltero;7991;8;NO;3;6;2;2;2;2
40;NO;Ocasional;2;3;Femenino;1;Casado;3377;4;NO;4;7;4;3;0;2
42;NO;Ocasional;13;2;Masculino;2;Casado;5538;5;NO;3;10;0;0;0;0
35;NO;No-viaja;2;2;Masculino;2;Divorciado;5762;2;NO;3;15;7;7;1;7
38;NO;No-viaja;2;1;Masculino;1;Divorciado;2592;5;NO;4;13;11;10;3;8
34;SI;Frecuentemente;9;4;Masculino;2;Casado;5346;4;NO;3;11;7;1;0;7
37;SI;Ocasional;10;4;Masculino;2;Soltero;4213;1;NO;2;10;10;3;0;8
39;NO;Frecuentemente;20;3;Masculino;2;Divorciado;4127;2;NO;4;7;2;1;2;2
43;NO;No-viaja;9;1;Masculino;1;Soltero;2438;4;NO;3;7;3;2;1;2
41;NO;Ocasional;5;2;Masculino;2;Soltero;6870;3;NO;1;11;3;2;1;2
41;NO;Ocasional;4;3;Femenino;3;Divorciado;10447;0;SI;4;23;22;14;13;5
30;NO;Ocasional;10;1;Femenino;3;Soltero;9667;9;NO;2;9;7;7;0;2
26;SI;Ocasional;20;4;Femenino;1;Casado;2148;0;SI;3;6;5;1;1;4
46;SI;Ocasional;21;4;Femenino;2;Casado;8926;4;NO;4;13;9;7;3;7
40;NO;Ocasional;1;3;Femenino;2;Divorciado;6513;4;NO;4;12;5;3;0;3
34;NO;Ocasional;8;2;Masculino;2;Casado;6799;1;NO;3;10;10;8;4;8
58;NO;No-viaja;2;2;Masculino;4;Divorciado;16291;4;NO;4;37;16;9;14;14
35;NO;Ocasional;23;2;Masculino;1;Casado;2705;0;NO;2;6;5;4;0;3
47;NO;Ocasional;4;3;Femenino;3;Divorciado;10333;8;SI;3;28;22;11;14;10
40;NO;Ocasional;12;2;Femenino;2;Divorciado;4448;2;NO;2;15;7;4;7;7
54;NO;Ocasional;7;4;Femenino;2;Casado;6854;4;NO;2;14;7;1;1;7
31;NO;Frecuentemente;7;1;Femenino;3;Casado;9637;2;NO;4;9;3;2;2;2
28;NO;Ocasional;1;3;Femenino;1;Casado;3591;1;NO;3;3;3;2;1;2
38;NO;Ocasional;2;2;Femenino;2;Casado;5405;2;SI;1;20;4;2;0;3
26;NO;Ocasional;10;3;Masculino;2;Soltero;4684;1;NO;1;5;5;3;1;2
58;NO;Frecuentemente;15;1;Masculino;4;Casado;15787;2;SI;2;23;2;2;2;2
18;NO;No-viaja;14;2;Femenino;1;Soltero;1514;1;NO;3;0;0;0;0;0
31;SI;Ocasional;18;4;Masculino;1;Casado;2956;0;NO;3;2;1;0;0;0
29;SI;Ocasional;13;1;Masculino;1;Divorciado;2335;4;SI;4;4;2;2;2;0
45;NO;No-viaja;2;3;Femenino;2;Casado;5154;4;NO;2;10;8;7;5;7
36;NO;Ocasional;2;4;Femenino;2;Casado;6962;4;SI;4;15;1;0;0;0
43;NO;Frecuentemente;2;1;Masculino;2;Casado;5675;1;NO;3;7;7;7;7;7
27;NO;Frecuentemente;5;4;Femenino;1;Soltero;2379;0;SI;3;6;5;4;0;2
29;NO;Frecuentemente;20;4;Masculino;1;Casado;3812;1;NO;2;11;11;8;3;10
32;NO;Frecuentemente;10;4;Masculino;2;Soltero;4648;8;NO;3;4;0;0;0;0
42;NO;No-viaja;10;3;Masculino;1;Casado;2936;3;NO;2;10;6;3;3;3
47;NO;Ocasional;9;2;Femenino;1;Soltero;2105;4;NO;3;7;2;2;2;0
46;NO;Ocasional;2;4;Masculino;3;Divorciado;8578;3;NO;3;12;9;8;4;7
28;NO;No-viaja;1;3;Masculino;1;Divorciado;2706;1;NO;2;3;3;2;2;2
29;NO;Ocasional;29;4;Masculino;2;Divorciado;6384;8;NO;4;11;7;0;1;6
42;NO;Ocasional;8;4;Masculino;1;Soltero;3968;4;NO;4;8;0;0;0;0
32;SI;Ocasional;2;3;Masculino;2;Soltero;9907;7;SI;3;7;2;2;2;2
46;NO;Ocasional;3;1;Femenino;4;Divorciado;13225;2;NO;4;25;19;17;2;8
27;NO;Ocasional;23;2;Femenino;2;Casado;3540;1;NO;4;9;9;8;5;8
29;NO;Ocasional;6;4;Masculino;1;Casado;2804;1;NO;4;1;1;0;0;0
43;NO;Ocasional;6;1;Femenino;5;Casado;19392;7;NO;4;21;16;12;6;14
48;NO;Ocasional;10;4;Masculino;5;Casado;19665;4;NO;4;29;22;10;12;9
29;SI;Frecuentemente;24;4;Masculino;1;Soltero;2439;1;SI;2;1;1;0;1;0
46;SI;Ocasional;10;3;Femenino;3;Casado;7314;5;NO;3;14;8;7;0;7
27;NO;Frecuentemente;15;4;Femenino;1;Casado;4774;0;NO;4;8;7;6;7;3
39;NO;Ocasional;19;4;Masculino;2;Divorciado;3902;8;NO;2;7;2;2;2;2
55;NO;Ocasional;2;2;Masculino;1;Casado;2662;8;NO;2;19;5;2;0;4
28;NO;Ocasional;3;2;Femenino;1;Casado;2856;1;NO;4;1;1;0;0;0
30;SI;Ocasional;9;2;Masculino;1;Soltero;1081;1;NO;3;1;1;0;0;0
22;SI;Ocasional;7;4;Masculino;1;Soltero;2472;1;SI;1;1;1;0;0;0
36;NO;Ocasional;10;2;Femenino;2;Casado;5673;1;SI;1;10;10;9;1;7
31;NO;Ocasional;20;2;Masculino;2;Divorciado;4197;1;NO;1;10;10;8;0;2
34;NO;Ocasional;4;3;Masculino;3;Casado;9713;2;SI;4;9;5;3;1;0
29;NO;Ocasional;7;4;Masculino;1;Soltero;2062;3;NO;2;11;3;2;1;2
37;NO;Ocasional;7;4;Masculino;2;Casado;4284;5;SI;3;16;5;3;0;4
35;NO;Ocasional;16;4;Femenino;2;Casado;4788;0;SI;4;4;3;2;0;2
45;NO;Ocasional;25;2;Femenino;2;Casado;5906;0;NO;4;10;9;8;3;8
36;NO;Frecuentemente;2;2;Masculino;2;Soltero;3886;1;NO;4;10;10;1;0;8
40;NO;Ocasional;1;1;Masculino;4;Divorciado;16823;2;NO;1;22;19;7;11;16
26;NO;Ocasional;1;2;Femenino;1;Casado;2933;1;SI;3;1;1;0;1;0
27;NO;Ocasional;2;1;Femenino;2;Soltero;6500;0;NO;2;9;8;7;0;7
48;NO;Frecuentemente;22;4;Femenino;4;Divorciado;17174;3;NO;2;24;22;17;4;7
44;NO;Ocasional;1;2;Masculino;2;Casado;5033;2;NO;4;10;2;0;2;2
34;SI;No-viaja;16;4;Masculino;1;Casado;2307;1;SI;2;5;5;2;3;0
56;SI;Ocasional;24;1;Masculino;1;Soltero;2587;1;NO;4;5;4;2;1;0
36;NO;Ocasional;17;3;Masculino;2;Casado;5507;2;NO;3;12;4;2;1;3
41;NO;Ocasional;8;3;Femenino;2;Casado;4393;5;NO;3;14;5;4;1;4
42;NO;Ocasional;6;3;Masculino;3;Casado;13348;9;NO;2;18;13;7;5;7
31;NO;Ocasional;10;3;Femenino;2;Divorciado;6583;2;SI;4;8;5;2;1;4
34;NO;Ocasional;3;4;Femenino;2;Casado;8103;3;SI;3;9;4;2;0;1
31;NO;Ocasional;4;1;Femenino;1;Divorciado;3978;8;NO;2;4;2;2;2;2
26;NO;Frecuentemente;6;3;Masculino;1;Casado;2544;0;NO;1;8;7;7;7;7
45;NO;Frecuentemente;1;2;Masculino;2;Soltero;5399;4;NO;3;12;4;2;0;3
33;NO;Ocasional;10;2;Masculino;2;Soltero;5487;1;NO;2;10;10;4;0;9
28;NO;Frecuentemente;1;3;Masculino;2;Casado;6834;1;SI;3;7;7;7;0;7
29;SI;Frecuentemente;24;3;Masculino;1;Soltero;1091;1;NO;4;1;1;0;0;0
39;NO;No-viaja;21;1;Femenino;2;Casado;5736;6;NO;3;10;3;2;1;2
27;NO;Ocasional;2;2;Masculino;1;Casado;2226;1;NO;3;6;5;3;1;2
34;NO;Frecuentemente;22;3;Masculino;2;Casado;5747;1;SI;2;16;15;10;6;11
28;SI;Ocasional;13;4;Femenino;2;Soltero;9854;3;SI;4;6;2;0;2;2
47;NO;No-viaja;14;3;Masculino;2;Casado;5467;8;NO;3;16;8;7;1;7
56;NO;Ocasional;11;4;Femenino;2;Casado;5380;4;NO;3;6;0;0;0;0
39;NO;Ocasional;9;1;Masculino;2;Casado;5151;1;NO;4;10;10;0;7;9
38;NO;Frecuentemente;8;4;Femenino;2;Divorciado;2133;1;SI;3;20;20;11;0;7
58;NO;Ocasional;21;4;Femenino;4;Casado;17875;4;SI;3;29;1;0;0;0
32;SI;Frecuentemente;5;1;Femenino;1;Soltero;2432;3;SI;1;8;4;1;0;3
38;NO;Ocasional;9;2;Masculino;1;Divorciado;4771;2;NO;4;10;5;2;0;3
49;NO;Frecuentemente;2;2;Masculino;5;Casado;19161;3;NO;4;28;5;4;4;3
42;NO;Ocasional;12;2;Masculino;2;Divorciado;5087;3;SI;3;14;0;0;0;0
27;SI;Frecuentemente;22;1;Femenino;1;Casado;2863;1;NO;1;1;1;0;0;0
35;NO;Ocasional;18;2;Masculino;2;Casado;5561;0;NO;4;6;5;3;0;4
28;NO;No-viaja;16;3;Masculino;1;Soltero;2144;1;NO;3;5;5;3;1;4
31;NO;No-viaja;3;3;Masculino;1;Divorciado;3065;1;SI;4;4;4;2;2;3
36;NO;No-viaja;9;1;Masculino;1;Casado;2810;1;NO;2;5;5;4;0;2
34;NO;Ocasional;1;1;Masculino;3;Soltero;9888;1;NO;1;14;14;8;2;1
34;NO;Ocasional;13;4;Masculino;3;Divorciado;8628;1;NO;3;9;8;7;1;1
26;NO;Ocasional;1;3;Masculino;1;Soltero;2867;0;NO;4;8;7;7;7;6
29;NO;Ocasional;1;1;Masculino;2;Casado;5373;0;NO;1;6;5;3;0;2
32;NO;No-viaja;15;3;Femenino;2;Divorciado;6667;5;NO;2;9;5;1;1;2
31;NO;Frecuentemente;1;4;Masculino;2;Casado;5003;1;NO;2;10;10;8;8;7
28;SI;Ocasional;17;3;Masculino;1;Divorciado;2367;5;NO;1;6;4;1;0;3
38;NO;Ocasional;1;1;Masculino;1;Soltero;2858;4;NO;1;20;1;0;0;0
35;NO;Ocasional;7;3;Femenino;2;Casado;5204;1;SI;4;10;10;8;0;9
27;NO;Ocasional;9;4;Masculino;2;Soltero;4105;1;NO;1;7;7;7;0;7
32;NO;Ocasional;5;4;Masculino;2;Soltero;9679;8;NO;2;8;1;0;0;0
31;SI;Frecuentemente;26;1;Masculino;2;Casado;5617;1;SI;3;10;10;7;0;8
53;SI;Ocasional;24;1;Masculino;3;Soltero;10448;6;SI;2;15;2;2;2;2
54;NO;Ocasional;9;1;Femenino;2;Casado;2897;3;NO;3;9;4;3;2;3
33;NO;Frecuentemente;7;4;Masculino;2;Divorciado;5968;1;NO;3;9;9;7;2;8
43;NO;Ocasional;11;1;Masculino;3;Casado;7510;1;NO;2;10;10;9;0;9
38;NO;Frecuentemente;1;4;Masculino;1;Casado;2991;0;SI;2;7;6;2;1;2
55;NO;Ocasional;26;3;Masculino;5;Casado;19636;4;SI;1;35;10;9;1;4
31;NO;Ocasional;2;4;Femenino;1;Divorciado;1129;1;SI;3;1;1;0;0;0
39;NO;Ocasional;15;2;Masculino;4;Soltero;13341;0;NO;1;21;20;8;11;10
42;NO;No-viaja;23;4;Masculino;2;Soltero;4332;1;NO;4;20;20;9;3;7
31;NO;No-viaja;10;3;Femenino;3;Casado;11031;4;NO;3;13;11;7;4;8
54;NO;Ocasional;10;3;Femenino;2;Soltero;4440;6;SI;4;9;5;2;1;4
24;NO;Ocasional;1;2;Masculino;2;Soltero;4617;1;NO;2;4;4;3;1;2
23;NO;Ocasional;12;4;Masculino;1;Soltero;2647;1;NO;3;5;5;2;1;4
40;NO;Frecuentemente;11;4;Femenino;2;Casado;6323;1;NO;1;10;10;9;9;4
40;NO;Ocasional;2;2;Femenino;2;Casado;5677;3;NO;3;15;11;8;5;10
25;NO;Ocasional;2;3;Femenino;1;Casado;2187;4;NO;3;6;2;0;1;2
30;NO;Ocasional;1;4;Masculino;1;Casado;3748;1;NO;3;12;12;8;1;7
25;NO;Ocasional;2;4;Masculino;1;Divorciado;3977;6;SI;3;7;2;2;0;2
47;NO;Ocasional;25;1;Masculino;3;Soltero;8633;2;NO;2;25;17;14;12;11
33;NO;No-viaja;1;2;Masculino;1;Divorciado;2008;1;NO;3;1;1;1;0;0
38;NO;Ocasional;1;4;Masculino;2;Casado;4440;0;NO;1;16;15;13;5;8
31;NO;Ocasional;2;1;Masculino;1;Casado;3067;0;NO;3;3;2;2;1;2
38;NO;Frecuentemente;6;1;Masculino;2;Casado;5321;2;NO;4;10;8;3;7;7
42;NO;Ocasional;18;4;Masculino;2;Divorciado;5410;6;SI;3;9;4;3;1;2
41;NO;Ocasional;1;4;Masculino;1;Casado;2782;3;NO;1;12;5;3;1;0
47;NO;No-viaja;1;3;Femenino;3;Casado;11957;0;NO;1;14;13;8;5;12
35;NO;Ocasional;11;4;Masculino;1;Casado;2660;7;SI;3;5;2;2;2;2
22;NO;Ocasional;1;4;Masculino;1;Soltero;3375;0;NO;4;4;3;2;1;2
35;NO;Ocasional;9;2;Masculino;2;Soltero;5098;1;NO;2;10;10;7;0;8
33;NO;Ocasional;15;2;Femenino;2;Casado;4878;0;SI;1;10;9;7;8;1
32;NO;Ocasional;29;3;Femenino;1;Soltero;2837;1;NO;3;6;6;2;4;1
40;NO;Ocasional;1;1;Masculino;1;Casado;2406;8;NO;3;8;1;0;0;0
32;NO;Ocasional;1;2;Masculino;1;Casado;2269;0;NO;2;3;2;2;2;2
39;NO;Ocasional;24;1;Masculino;2;Soltero;4108;7;NO;1;18;7;7;1;7
38;NO;Ocasional;10;2;Femenino;3;Casado;13206;3;NO;1;20;18;16;1;11
32;NO;Ocasional;1;3;Femenino;3;Casado;10422;1;NO;3;14;14;10;5;7
37;NO;Ocasional;10;3;Femenino;3;Casado;13744;1;SI;1;16;16;11;6;8
25;NO;Ocasional;8;1;Femenino;2;Divorciado;4907;0;SI;2;6;5;3;0;4
52;NO;No-viaja;29;1;Masculino;1;Divorciado;3482;2;NO;2;16;9;8;0;0
44;NO;Ocasional;1;2;Masculino;1;Soltero;2436;6;SI;3;6;4;3;1;2
21;NO;Ocasional;5;3;Masculino;1;Soltero;2380;1;SI;4;2;2;2;1;2
39;NO;No-viaja;9;4;Masculino;5;Soltero;19431;2;NO;3;21;6;0;1;3
23;SI;Frecuentemente;9;4;Masculino;1;Casado;1790;1;NO;1;1;1;0;1;0
36;NO;Ocasional;3;1;Femenino;3;Casado;7644;0;NO;3;10;9;7;3;4
36;NO;Frecuentemente;4;4;Femenino;2;Divorciado;5131;7;NO;2;18;4;2;0;2
56;NO;No-viaja;1;3;Masculino;2;Divorciado;6306;1;NO;1;13;13;12;1;9
29;SI;Ocasional;1;1;Masculino;1;Casado;4787;9;SI;2;4;2;2;2;2
42;NO;Ocasional;2;1;Masculino;5;Casado;18880;5;NO;1;24;22;6;4;14
56;SI;Ocasional;7;4;Masculino;1;Casado;2339;8;NO;4;14;10;9;9;8
41;NO;Ocasional;28;1;Femenino;4;Casado;13570;0;NO;3;21;20;7;0;10
34;NO;Ocasional;28;4;Femenino;2;Casado;6712;1;NO;4;8;8;7;1;7
36;NO;No-viaja;15;4;Masculino;2;Divorciado;5406;1;NO;1;15;15;12;11;11
41;NO;Ocasional;3;3;Masculino;2;Divorciado;8938;2;NO;3;14;5;4;0;4
32;NO;Ocasional;2;4;Masculino;1;Soltero;2439;1;NO;4;4;4;2;1;2
35;NO;Ocasional;26;3;Femenino;3;Soltero;8837;1;SI;3;9;9;0;1;7
38;NO;Ocasional;10;1;Femenino;2;Casado;5343;1;NO;3;10;10;7;1;9
50;SI;Frecuentemente;1;2;Masculino;2;Divorciado;6728;7;NO;4;12;6;3;0;1
36;NO;Ocasional;11;2;Femenino;2;Casado;6652;4;NO;1;8;6;3;0;0
45;NO;Ocasional;20;4;Femenino;2;Soltero;4850;8;NO;3;8;5;3;0;1
40;NO;Ocasional;2;3;Masculino;1;Soltero;2809;2;NO;4;8;2;2;2;2
35;NO;Frecuentemente;18;3;Masculino;2;Casado;5689;1;SI;4;10;10;2;0;2
40;NO;Ocasional;2;3;Femenino;1;Casado;2001;2;NO;2;20;5;3;0;2
35;NO;Ocasional;1;3;Femenino;1;Casado;2977;1;NO;4;4;4;3;1;1
29;NO;Ocasional;13;4;Masculino;2;Casado;4025;4;SI;1;10;4;3;0;3
29;NO;Ocasional;28;4;Femenino;1;Soltero;3785;1;NO;2;5;5;4;0;4
50;SI;Ocasional;28;4;Masculino;3;Divorciado;10854;4;SI;2;20;3;2;2;0
39;NO;Ocasional;24;2;Femenino;4;Casado;12031;0;NO;1;21;20;9;9;6
31;NO;No-viaja;5;2;Masculino;2;Soltero;9936;0;NO;2;10;9;4;1;7
26;NO;Ocasional;5;4;Femenino;1;Soltero;2966;0;NO;4;5;4;2;0;0
36;NO;Frecuentemente;23;3;Masculino;2;Casado;2571;4;NO;3;17;5;2;0;3
39;NO;Ocasional;6;4;Masculino;3;Casado;9991;4;NO;1;9;7;7;1;7
27;NO;Ocasional;4;2;Masculino;2;Casado;6142;1;SI;2;6;6;2;0;3
49;NO;Frecuentemente;2;4;Masculino;2;Casado;5390;2;NO;4;17;9;6;0;8
34;NO;Ocasional;8;2;Masculino;2;Casado;4404;2;NO;1;6;4;3;1;2
